Compound,Count,Date,Negative,Neutral,Positive,Tweet,User
-0.599,1,Sun Sep 30 08:30:16 +0000 2018,0.698,0.302,0.0,RT @BBCWorld: Indonesia quake death toll 'at least 832' https://t.co/1VCcXxRrR4,BBC
0.0,2,Sun Sep 30 07:31:05 +0000 2018,0.752,0.124,0.124,"For children with autism, the stress of taking photos can be overwhelming. To make things easier, eight-year-old Le‚Ä¶ https://t.co/U3hpweRK0D",BBC
0.586,3,Sun Sep 30 07:04:02 +0000 2018,0.774,0.0,0.226,"This. Is. Amazing. üòÆ

Introducing the World Pole Climbing Championships...

https://t.co/osulkhFFhQ",BBC
0.422,4,Sat Sep 29 20:32:03 +0000 2018,0.743,0.0,0.257,Chile has launched a huge hiking route through its Patagonian wilderness. üå≤üòçüèî  https://t.co/WFIcKZe5Hv https://t.co/RLKjTx2Emo,BBC
0.422,5,Sat Sep 29 17:02:12 +0000 2018,0.865,0.0,0.135,üê£üòç Conservationists have been monitoring the progress of rare Leach's storm petrel chicks on the remote Scottish ar‚Ä¶ https://t.co/KzMHUIysAO,BBC
-0.7,6,Sat Sep 29 16:01:07 +0000 2018,0.707,0.293,0.0,"'My children bought back the car I sold to pay for wife's cancer treatment'. ‚ù§Ô∏èÔ∏èüöò

https://t.co/xOJwzbgGlE https://t.co/Tx3WYCkCXu",BBC
0.55,7,Sat Sep 29 15:54:38 +0000 2018,0.871,0.0,0.129,"RT @BBCEngland: Benny the beluga whale is spending his fifth day in the Thames but appears to be healthy and swimming normally, the Port of‚Ä¶",BBC
0.709,8,Sat Sep 29 15:02:04 +0000 2018,0.671,0.0,0.329,"Always start by playing paper! üëä‚úã‚úåÔ∏è

This is how to win at rock-paper-scissors... 

https://t.co/2VzUFq74FT",BBC
0.0,9,Sat Sep 29 14:03:07 +0000 2018,1.0,0.0,0.0,"'What do I know her from again?' ü§îüì∫

These are the TV actors who pop up in everything. https://t.co/XLQBs5bE5p https://t.co/DJWV8U3OhY",BBC
-0.526,10,Sat Sep 29 13:01:07 +0000 2018,0.747,0.253,0.0,"This is the world's most dangerous city to be a woman. 

https://t.co/v1qrWFF6B6",BBC
-0.186,11,Sat Sep 29 11:03:02 +0000 2018,0.616,0.227,0.156,"""New York City is underwhelming"". üò≥üò≥üò≥
 
#UnpopularOpinion was HARSH this week. üòÇ @gregjames

https://t.co/pSz5eP8YbR",BBC
0.494,12,Sat Sep 29 10:03:05 +0000 2018,0.819,0.0,0.181,"What's it like growing up with tourettes?

Brother and sister Jack and Rebecca describe how people react to their t‚Ä¶ https://t.co/VXY3jdCbEu",BBC
-0.527,13,Sat Sep 29 09:01:02 +0000 2018,0.746,0.254,0.0,"This school became a national leader by focusing on a neglected subject... 

https://t.co/5c7iSPT3rc",BBC
0.681,14,Sat Sep 29 08:11:46 +0000 2018,0.763,0.0,0.237,RT @BBCOne: .@LadyGaga &amp; Jodie Whittaker playing the #DoctorWho theme tune on the theremin is a joy to behold. #TheGNShow https://t.co/0aLu‚Ä¶,BBC
-0.102,15,Sat Sep 29 08:05:03 +0000 2018,0.746,0.136,0.118,"""I've broken around 80 bones"". üò¨üè•

Meet the man who can't feel pain. üëâ https://t.co/6qsfeQmIct https://t.co/6jXkhYCTza",BBC
0.0,16,Sat Sep 29 07:03:06 +0000 2018,1.0,0.0,0.0,"Say hello to baby Omo, a rare albino squirrel... üòçüêøÔ∏è

https://t.co/FVppFQSOJw",BBC
0.0,17,Sat Sep 29 06:31:00 +0000 2018,1.0,0.0,0.0,"Over the last 50 years, the flesh-footed shearwater population has dropped by 30%.

Plastic is a major cause of the‚Ä¶ https://t.co/827iYwzryJ",BBC
0.36,18,Fri Sep 28 20:31:03 +0000 2018,0.865,0.0,0.135,"The Graham Norton Show is back! Tonight Bradley Cooper, @ladygaga, Jodie Whittaker and @ryangosling join @grahnort‚Ä¶ https://t.co/prBbKLrkaO",BBC
-0.126,19,Fri Sep 28 18:32:03 +0000 2018,0.846,0.089,0.065,"It's the Celebrity MasterChef final! After six gruelling weeks, just two tough challenges stand between the three r‚Ä¶ https://t.co/mLCixMGG8v",BBC
0.7,20,Fri Sep 28 16:03:07 +0000 2018,0.655,0.0,0.345,"Science has confirmed: cats are nice. üòª

https://t.co/nTtAUxYl6v https://t.co/kI8XYPICjA",BBC
-0.758,21,Thu Sep 27 11:03:03 +0000 2018,0.649,0.351,0.0,"Millions of seahorses are caught every year, threatening their global survival. üíî

https://t.co/CUYoiiYtXa",BBC
0.0,22,Thu Sep 27 10:44:32 +0000 2018,1.0,0.0,0.0,"RT @BBCTwo: BBC Two just got a brand new look.

Check out some of our new Idents in all their glory‚Ä¶

More info here: https://t.co/5WJBbgGY‚Ä¶",BBC
-0.475,23,Thu Sep 27 10:02:02 +0000 2018,0.846,0.154,0.0,"We feel for Deirdre trying to answer some of these... it's unlikely Agony Aunt letters! ‚úâÔ∏èüòÇ #MockTheWeek

https://t.co/iUev3YVy9v",BBC
0.87,24,Thu Sep 27 09:04:05 +0000 2018,0.62,0.0,0.38,"Talk about an anticlimax!

When these rescue workers were called to save a drowning man, they got a HUGE surprise..‚Ä¶ https://t.co/PAVPpirEj0",BBC
0.796,25,Thu Sep 27 08:04:04 +0000 2018,0.678,0.056,0.265,"""It was probably the end of the night and I was definitely ready for my bed."" üòÇ

When a photo of you in a nightclub‚Ä¶ https://t.co/asnG7gQrC9",BBC
0.541,26,Thu Sep 27 07:32:04 +0000 2018,0.838,0.0,0.162,"Up, up and away! These enormous kites took to the sky at a festival in Germany. üå¨  https://t.co/HSIAQAQQE9 https://t.co/iIWX5ERx8I",BBC
0.555,27,Thu Sep 27 07:04:02 +0000 2018,0.661,0.0,0.339,"So cute! üòçüê£ Meet Germany's 'Papa Goose'... 

https://t.co/3NtLqZQcnm",BBC
0.0,28,Wed Sep 26 20:03:06 +0000 2018,1.0,0.0,0.0,The 14th Century house used as the birthplace of Harry Potter is still up for sale. ‚ö°Ô∏èüìñ  https://t.co/dcspAsDKrg https://t.co/NEOGYEkwBr,BBC
0.0,29,Wed Sep 26 19:07:05 +0000 2018,1.0,0.0,0.0,"üì¨Do not post crisp packets to Walkers, says Royal Mail ‚û°Ô∏è

https://t.co/3JbgtRfiBQ https://t.co/VWRXGKC9nJ",BBC
0.0,30,Wed Sep 26 16:02:05 +0000 2018,1.0,0.0,0.0,"Did the Duchess of Sussex break protocol when she closed her car door? 

https://t.co/o2n2k0msfU https://t.co/qYmnjcI0ZM",BBC
0.659,31,Wed Sep 26 15:03:05 +0000 2018,0.597,0.0,0.403,"This puffer fish creates something absolutely breathtaking. üê°üò≤ #LifeStory 

https://t.co/mxU7VERaCI",BBC
-0.25,32,Wed Sep 26 14:04:00 +0000 2018,0.917,0.083,0.0,"RT @bbcweather: From today, night is longer than day. üåÉ/‚òÄ and the darkness is increasing at a rate of 4/5mins a day. Jo #Autumn https://t.c‚Ä¶",BBC
0.0,33,Wed Sep 26 14:03:03 +0000 2018,1.0,0.0,0.0,"Archaeologists have found a 400-year-old shipwreck off the coast of Portugal, in what one specialist called the ""di‚Ä¶ https://t.co/YP9fuo5Iz7",BBC
-0.103,34,Wed Sep 26 13:04:06 +0000 2018,0.59,0.229,0.181,"Another grand slam for @Andy_Murray üò¨

The tennis star took to Instagram to share the awkward moment he dropped a c‚Ä¶ https://t.co/fXEFv5P9Nz",BBC
0.0,35,Wed Sep 26 12:32:03 +0000 2018,1.0,0.0,0.0,An orangutan named Rocky has become the first to mimic human speech. üôäüí¨  https://t.co/DIGdTHwpNq https://t.co/MeQwgxocmm,BBC
0.0,36,Wed Sep 26 12:30:08 +0000 2018,1.0,0.0,0.0,"It‚Äôs National #FitnessDay! üèÄÔ∏è‚öΩÔ∏èüéæ

How much do you really know about exercise? 

Take this quiz to find out‚Ä¶‚Ä¶ https://t.co/8t1SMXLZp2",BBC
0.0,37,Wed Sep 26 11:02:01 +0000 2018,1.0,0.0,0.0,"It's that time of year again... üôÑ

https://t.co/LxjiPTYUIG",BBC
0.318,38,Wed Sep 26 10:46:44 +0000 2018,0.874,0.0,0.126,RT @BBCRadio4: üé∂ Prepare for adventure as @gemcairn takes @KojeyRadical on a musical journey to Accra... https://t.co/mvTfrBzlnB,BBC
0.0,39,Wed Sep 26 10:04:04 +0000 2018,1.0,0.0,0.0,"What. A. Voice. üòÆüëè

7-year-old Malea Emma was asked to sing the national anthem before an LA Galaxy game...

https://t.co/WHmbmTKkyU",BBC
0.0,40,Wed Sep 26 09:53:51 +0000 2018,1.0,0.0,0.0,RT @BBCLater: Record-breaking UK solo artist @JessGlynne got our brand new series off to a storming start tonight... Watch the performance‚Ä¶,BBC
0.527,41,Sun Sep 23 17:02:01 +0000 2018,0.708,0.071,0.221,"Falling leaves, dramatic skies, misty mornings... üçÇüå∞ü¶ä

7 signs that autumn is well and truly on its way. üëâ‚Ä¶ https://t.co/iNXWoE3zcW",BBC
0.382,42,Sun Sep 23 16:04:03 +0000 2018,0.755,0.0,0.245,"'We're in love but never have sex'. 

https://t.co/IOgVh8eiFC https://t.co/dCLDcKhQ0Y",BBC
0.806,43,Sun Sep 23 15:03:04 +0000 2018,0.553,0.0,0.447,"Sea dragons are so elegant üòç #Oceans

https://t.co/yulAjV8D0S",BBC
0.372,44,Sun Sep 23 14:02:06 +0000 2018,0.761,0.066,0.173,"Low on cash but still want to whip up a mouthwatering meal? üçùü•òüçõ

Raid the store cupboard to create these delicious‚Ä¶ https://t.co/eMfg1xSQEo",BBC
0.0,45,Sun Sep 23 12:44:40 +0000 2018,1.0,0.0,0.0,"RT @BBCOne: The #Bodyguard finale is 75 minutes long. 
So here‚Äôs 75 reasons why we ‚ù§Ô∏è this show. 

See you at 9pm for the epic conclusion.‚Ä¶",BBC
0.0,46,Sun Sep 23 11:02:02 +0000 2018,1.0,0.0,0.0,"Meet Ross. He's swimming the entire coast of Britain and has faced wetsuit burns, ""salt tongue"" and jellyfish. üò¨üåä

https://t.co/pj8THPs7g8",BBC
-0.526,47,Sun Sep 23 10:04:02 +0000 2018,0.747,0.253,0.0,"What's the most dangerous job in the world? #QI üî•‚úÇÔ∏èüò¨

https://t.co/hQ7vwFLc1A",BBC
0.402,48,Sun Sep 23 09:03:05 +0000 2018,0.863,0.0,0.137,"*Googles how to become a special effects artist...*

üò≤üé¨ Meet the team behind every gripping action sequence in‚Ä¶ https://t.co/sTE4R5sVJE",BBC
0.502,49,Sun Sep 23 08:03:04 +0000 2018,0.885,0.0,0.115,"A lot has changed in 20 years, but do you remember what life was like in 1998? ü§î

Take the twenty years of change c‚Ä¶ https://t.co/AP2Lr1Jeq1",BBC
0.0,50,Sun Sep 23 07:31:05 +0000 2018,1.0,0.0,0.0,"A giant 300m-long spiderweb has appeared in Greece. The phenomenon is caused by Tetragnatha spiders, which can buil‚Ä¶ https://t.co/WReys8HSJV",BBC
0.0,51,Sun Sep 23 07:03:01 +0000 2018,1.0,0.0,0.0,"It's been just over a year since @Harry_Styles made his Live Lounge debut. üíï

His cover of Fleetwood Mac's 'The Cha‚Ä¶ https://t.co/ZtNRkwd9bs",BBC
-0.296,52,Sat Sep 22 19:04:06 +0000 2018,0.879,0.121,0.0,"Seeking a missing man, detective Jay Swan finds an outback community fractured by secrets. 

#MysteryRoad | 9pm |‚Ä¶ https://t.co/7ogs71Algw",BBC
0.0,53,Sat Sep 22 18:06:53 +0000 2018,1.0,0.0,0.0,RT @bbcthree: Me walking in on the drama I've caused just after I've caused it #Strictly https://t.co/VlbewRmJt8,BBC
0.68,54,Sat Sep 22 18:06:33 +0000 2018,0.741,0.0,0.259,"RT @BBCiPlayer: Happy Birthday, @billiepiper! üéÇ üéà
Here's a throwback to her emotional goodbye in Doctor Who. https://t.co/Mb9fPYDiyH",BBC
0.572,55,Sat Sep 22 17:03:07 +0000 2018,0.844,0.0,0.156,Jack wanted to do something different to celebrate turning 106... so he became the oldest person ever to have zip-l‚Ä¶ https://t.co/WVOmVlpIZz,BBC
0.42,56,Sat Sep 22 16:14:07 +0000 2018,0.872,0.0,0.128,"Get ready to start dancing! ‚ú®üíÉüï∫

This year's @BBCStrictly celebrities have had two weeks to rehearse their first ro‚Ä¶ https://t.co/ADIc1vi0we",BBC
0.0,57,Sat Sep 22 15:04:05 +0000 2018,1.0,0.0,0.0,"This is the first time this baby rhino has been outside! üòçü¶è #WorldRhinoDay

https://t.co/OJdiiKiyIK",BBC
-0.131,58,Sat Sep 22 14:03:05 +0000 2018,0.793,0.132,0.075,Pictures of sea life tangled in plastic waste mean the pressure is on to do more to help. But what can be recycled‚Ä¶ https://t.co/RnQPBTRO44,BBC
-0.557,59,Sat Sep 22 13:30:22 +0000 2018,0.806,0.194,0.0,RT @BBCBreaking: Chas Hodges - one half of the musical duo Chas &amp; Dave - has died https://t.co/sLok83mgNk,BBC
0.637,60,Sat Sep 22 13:30:08 +0000 2018,0.826,0.0,0.174,"RT @BBC6Music: üì∫ What‚Äôs the best thing you‚Äôve watched on the iPlayer lately?
1) #KillingEve @bbcthree
2) #CanYouFeelIt @BBCFOUR
3) #TheBody‚Ä¶",BBC
0.077,61,Tue Sep 18 10:03:04 +0000 2018,0.894,0.0,0.106,"Whodunnit on #Bodyguard? Pause to find out your number one suspect...

https://t.co/d4uWKdUSBv",BBC
0.904,62,Tue Sep 18 09:32:07 +0000 2018,0.603,0.0,0.397,"Glenn Weiss wins best #Emmys moment! 

He used his acceptance speech to propose to his girlfriend, athlete Jan Sven‚Ä¶ https://t.co/N5r2FoJZp8",BBC
0.202,63,Tue Sep 18 09:03:00 +0000 2018,0.698,0.128,0.174,"A genius guide to uni from those clever clogs @e_monkman and @Bobby_Seagull... ü§ì

https://t.co/R8ELoTlbWc",BBC
0.382,64,Tue Sep 18 08:41:47 +0000 2018,0.611,0.122,0.267,"RT @bbcdoctorwho: An adventure like no other. New Doctor Who, Sunday 7th October. https://t.co/jZI7ZZr733",BBC
0.637,65,Tue Sep 18 08:03:04 +0000 2018,0.826,0.0,0.174,"Brits know a thing or two about precipitation. üåÇüå¶

From 'mizzle' to 'plothering', here are 13 of the best British w‚Ä¶ https://t.co/sGesSVsMJN",BBC
0.0,66,Tue Sep 18 07:31:04 +0000 2018,1.0,0.0,0.0,"""I've felt it with everything I've done"": @alexa_chung on imposter syndrome. https://t.co/zQQdV1MVcx https://t.co/a8hunizVuP",BBC
0.457,67,Tue Sep 18 07:02:01 +0000 2018,0.8,0.0,0.2,"What a special moment! ü¶íüíõ This newborn giraffe is taking her first steps... 

https://t.co/eg2fF1Dcut",BBC
0.077,68,Mon Sep 17 18:04:04 +0000 2018,0.929,0.0,0.071,University Challenge icons @e_monkman and @Bobby_Seagull road trip around Britain in search of hidden gems of Briti‚Ä¶ https://t.co/ehTKqStAoJ,BBC
0.0,69,Mon Sep 17 17:04:05 +0000 2018,1.0,0.0,0.0,Australia has ordered an investigation into the discovery of sewing needles hidden in strawberries.‚Ä¶ https://t.co/4VUFTkoOKt,BBC
0.7,70,Mon Sep 17 16:04:02 +0000 2018,0.674,0.0,0.326,"The finalists of the Comedy Wildlife Photography Awards have been announced! üêøüòÇ
 https://t.co/fB7n9B6ugV https://t.co/rBl2q4QaDa",BBC
0.0,71,Mon Sep 17 15:03:04 +0000 2018,1.0,0.0,0.0,"Who knew Paddington had such a foul mouth?! üò±üêªüòÇ #QI

https://t.co/Si3pPqooX9",BBC
-0.557,72,Mon Sep 17 14:03:05 +0000 2018,0.854,0.146,0.0,"The UK's oldest person has seen the outbreak and resolution of two world wars, the sinking of the Titanic, and all‚Ä¶ https://t.co/6GLb77FEpO",BBC
0.44,73,Mon Sep 17 13:04:04 +0000 2018,0.791,0.0,0.209,This is truly magical: Sue and her underwater wheelchair. (Via @BBCThree) https://t.co/fKFUb94oM3,BBC
0.718,74,Mon Sep 17 12:02:06 +0000 2018,0.708,0.0,0.292,The Duchess of Sussex has launched her first solo charity project as a royal - a cookbook in support of Grenfell fa‚Ä¶ https://t.co/yBj2kdv4rY,BBC
0.0,75,Mon Sep 17 11:27:23 +0000 2018,1.0,0.0,0.0,RT @bbcpress: üè¥Û†ÅßÛ†Å¢Û†Å∑Û†Å¨Û†Å≥Û†Åø @larrylamb47 leads cast of TV favourites for new drama #PitchingIn on @BBCWales and @BBCOne daytime: https://t.co/Say‚Ä¶,BBC
0.0,76,Mon Sep 17 11:03:04 +0000 2018,1.0,0.0,0.0,"üåüüå†‚ú® The International Dark Sky Association has named Wales as a dark skies world leader... 

https://t.co/6cMHSt3mPT",BBC
0.0,77,Mon Sep 17 10:03:05 +0000 2018,1.0,0.0,0.0,"Meet Vera, a 102-year-old Manchester City mascot. üíôÔ∏è‚öΩÔ∏è

https://t.co/TRLp6M4m6G",BBC
0.0,78,Mon Sep 17 09:04:06 +0000 2018,1.0,0.0,0.0,"Your week, as told by @louistheroux...

https://t.co/S4y4TzziDY",BBC
0.599,79,Mon Sep 17 08:02:03 +0000 2018,0.755,0.0,0.245,This spectacular 'super bloom' has transformed the South African desert. üå∫üåªüå∏  https://t.co/CQwGUcetkj https://t.co/XHT1h9ycAV,BBC
0.572,80,Mon Sep 17 07:31:08 +0000 2018,0.879,0.0,0.121,"‚úÖ Courgetti spaghetti
‚úÖ Chicken kebab wrap
‚úÖ Vegetable curry

These recipes for students are delicious and a doddle‚Ä¶ https://t.co/9geDMjS3RJ",BBC
-0.34,81,Tue Sep 11 08:50:06 +0000 2018,0.893,0.107,0.0,From Nicki Minaj and Cardi B to Lady Gaga and Madonna - here are 8 of the biggest feuds in pop music üé∂‚û°Ô∏è‚Ä¶ https://t.co/bWV2ghkB1X,BBC
0.494,82,Tue Sep 11 08:02:04 +0000 2018,0.824,0.0,0.176,"Holly helped save someone's life, and changed her own in the process. 
#SavingLivesAtSea via @BBCThree  https://t.co/1Ca63uE4RF",BBC
-0.677,83,Tue Sep 11 07:27:05 +0000 2018,0.767,0.233,0.0,"Why were there so many serial killers in the 1980s?
üëâ https://t.co/JnQWlHeFvS https://t.co/F02uRnIBIU",BBC
0.361,84,Tue Sep 11 07:00:13 +0000 2018,0.839,0.0,0.161,‚ù§Ô∏è This club in Glasgow is running nights aimed at promoting inclusivity. https://t.co/zCXTsZVJ2v,BBC
0.0,85,Mon Sep 10 19:06:03 +0000 2018,1.0,0.0,0.0,"James Fox tells the story of Australia's indigenous culture, the oldest continuous culture anywhere in the world, a‚Ä¶ https://t.co/5pAyJOvHUW",BBC
0.0,86,Mon Sep 10 18:05:05 +0000 2018,1.0,0.0,0.0,Cooling down - elephant style üêò https://t.co/niviG9h3Cg,BBC
-0.84,87,Mon Sep 10 17:02:07 +0000 2018,0.556,0.444,0.0,"Suicide kills more men under 50 than anything else.

#WorldSuicidePreventionDay #WSPD

https://t.co/sshexDg1vi",BBC
0.0,88,Mon Sep 10 16:23:57 +0000 2018,1.0,0.0,0.0,RT @bbcthree: Lucy was 22 and studying to become a nurse. This is her story. #WorldSuicidePreventionDay https://t.co/jSQugzd4BV,BBC
0.0,89,Mon Sep 10 16:02:02 +0000 2018,1.0,0.0,0.0,‚úä How did a clenched fist become a gesture for empowerment? https://t.co/mFFNKB6dsV,BBC
0.541,90,Mon Sep 10 15:08:58 +0000 2018,0.7,0.078,0.222,"Anyone else 100% relate to this? üòÇ

 (You'll want the sound on!) üîäüöò 

 #EightGoRallying

https://t.co/ULYk3hqLHM 

https://t.co/uu0Znl71sJ",BBC
0.0,91,Mon Sep 10 14:05:07 +0000 2018,1.0,0.0,0.0,"‚ÄúOnce you‚Äôve been touched by evil‚Ä¶ it never lets go.‚Äù

John Goodman, @MichaelaCoel, Noma Dumezweni and Harriet Walt‚Ä¶ https://t.co/jVsuuKQmgQ",BBC
-0.258,92,Mon Sep 10 13:04:03 +0000 2018,0.805,0.118,0.077,"üéû From a documentary on MIA to Idris Elba‚Äôs directorial debut, these are the films worth a trip to the cinema this‚Ä¶ https://t.co/EKChfvQXNQ",BBC
0.0,93,Mon Sep 10 12:22:38 +0000 2018,1.0,0.0,0.0,"RT @BBCR1: .@30SECONDSTOMARS mashing up @JuiceWorlddd, @PostMalone, @Normani and @thegreatkhalid in the Live Lounge?

It really, REALLY wor‚Ä¶",BBC
0.0,94,Mon Sep 10 12:03:05 +0000 2018,1.0,0.0,0.0,Ever heard of Tambourelli? https://t.co/gt2tmnOTQa,BBC
0.0,95,Mon Sep 10 11:29:29 +0000 2018,1.0,0.0,0.0,RT @BBCOne: NEWS JUST IN: Filming begins this week on the fifth and final series of #Poldark. Head here for more üëâ https://t.co/Js6OtCRxK8‚Ä¶,BBC
-0.153,96,Mon Sep 10 11:05:08 +0000 2018,0.789,0.118,0.092,"Insects will be at the heart of worldwide crop losses as the climate warms up, predicts a US study.
üëâ‚Ä¶ https://t.co/t317WjY16V",BBC
-0.477,97,Mon Sep 10 10:16:52 +0000 2018,0.697,0.206,0.098,üèÑ¬†A surfer has tracked down the stranger who saved his life when he broke his neck in a surfing accident after a Fa‚Ä¶ https://t.co/tLrFxL8q91,BBC
0.894,98,Mon Sep 10 09:03:39 +0000 2018,0.705,0.0,0.295,"RT @BBCR1: üéâ #R1TEENAWARDS 2018 üéâ

This is going to be HUGE! Performing at this year's Teen Awards üëá

‚≠êÔ∏è @LittleMix
‚≠êÔ∏è @5SOS
‚≠êÔ∏è @HRVY
‚≠êÔ∏è @J‚Ä¶",BBC
0.128,99,Mon Sep 10 08:59:29 +0000 2018,0.789,0.079,0.133,"RT @BBCRadio2: Did @kylieminogue play your favourite Kylie song tonight?

If you missed the Hyde Park headline set or if you want to step b‚Ä¶",BBC
0.44,100,Mon Sep 10 08:00:08 +0000 2018,0.868,0.0,0.132,Two London police officers have set up a bike project scheme to improve relations between local police and young pe‚Ä¶ https://t.co/Uh38yxESnp,BBC
0.0,1,Fri Sep 28 22:22:01 +0000 2018,1.0,0.0,0.0,"On @colbertlateshow, @TheNeighborhood's @CedEntertainer and Stephen recall the first time they met on a night when‚Ä¶ https://t.co/vjz1zVg4sR",CBS
0.0,2,Fri Sep 28 20:16:14 +0000 2018,1.0,0.0,0.0,".@happytogether's @wayansjr, @HereIsGina &amp; @latelateshow discuss the pros and cons of living with a pop star. Con:‚Ä¶ https://t.co/PLXFxfheW7",CBS
0.0,3,Fri Sep 28 17:52:41 +0000 2018,1.0,0.0,0.0,"If you haven't seen @SEALTeamCBS, make it your mission to know them before the #SEALTeam Season 2 premiere October‚Ä¶ https://t.co/NhCPI3lZSV",CBS
0.0,4,Fri Sep 28 16:51:50 +0000 2018,1.0,0.0,0.0,"‚ö°Ô∏è ‚ÄúMurphy Brown Returns to CBS‚Äù

https://t.co/3vsAg7WcB1",CBS
0.0,5,Thu Sep 27 20:19:18 +0000 2018,1.0,0.0,0.0,.@TheNeighborhood's @iamgreenfield revealing his Fiddler on the Roof goals on @latelateshow will be the earworm you‚Ä¶ https://t.co/swbh8HPwA1,CBS
0.0,6,Thu Sep 27 20:01:53 +0000 2018,1.0,0.0,0.0,RT @MurphyBrownCBS: A moment 20 years in the making all comes down to this. #MurphyBrown returns to @CBS tonight! https://t.co/tWSMFM3YbG,CBS
0.0,7,Thu Sep 27 17:19:16 +0000 2018,1.0,0.0,0.0,"Candice Bergen tells @colbertlateshow the presidential way tonight's @MurphyBrownCBS premiere imitates life, albeit‚Ä¶ https://t.co/4Kbk8gt6nS",CBS
-0.34,8,Thu Sep 27 16:58:08 +0000 2018,0.581,0.25,0.169,@marlagardner222 @jay_hernandez Good idea. The theme song is a dead giveaway. üòâ,CBS
0.0,9,Thu Sep 27 00:44:13 +0000 2018,1.0,0.0,0.0,@queenmama7777 @CBSAllAccess We believe in you! https://t.co/ZK0xaPRxVr,CBS
0.0,10,Thu Sep 27 00:42:15 +0000 2018,1.0,0.0,0.0,@BSkyjackcity @jokersupdates @CBSAllAccess On it. https://t.co/yxKX9ry7fw,CBS
0.114,11,Wed Sep 26 21:49:27 +0000 2018,0.929,0.0,0.071,Sixteen houseguests entered and now it's down to the Final 3. Don't miss a second of the 90-minute #BB20Finale toni‚Ä¶ https://t.co/KwDHR9Hfqu,CBS
0.625,12,Wed Sep 26 19:57:54 +0000 2018,0.779,0.0,0.221,"The tribe has spoken, and they do a pretty decent @JeffProbst impression just in time for the @survivorcbs Season P‚Ä¶ https://t.co/2Ps8VKblay",CBS
0.0,13,Wed Sep 26 17:25:43 +0000 2018,1.0,0.0,0.0,"‚ö°Ô∏è ‚ÄúFBI Premieres on CBS‚Äù

https://t.co/faL6iHZc5g",CBS
-0.271,14,Tue Sep 25 21:10:56 +0000 2018,0.764,0.138,0.098,"RT @CBSAllAccess: A night of crime dramas?! Oh yes. üôå Stream @NCIS_CBS, @FBICBS &amp; @NCISNewOrleans starting at 8/7c on CBS All Access: https‚Ä¶",CBS
-0.226,15,Tue Sep 25 20:31:45 +0000 2018,0.909,0.091,0.0,"Before @FBICBS premieres tonight, @mperegrym stopped by @CBSThisMorning to talk about her role as an FBI agent in t‚Ä¶ https://t.co/CPVki4Hv8y",CBS
0.0,16,Tue Sep 25 19:54:26 +0000 2018,1.0,0.0,0.0,RT @CBSAllAccess: üö® @PatrickBrammall. Tim Meadows. @jessicaalba. @iamgreenfield. @AHWAmySedaris. @ChrisGethard. @JoeManganiello. AND SO MAN‚Ä¶,CBS
0.79,17,Tue Sep 25 19:45:33 +0000 2018,0.709,0.0,0.291,RT @bigbangtheory: Happy #NationalComicBookDay from Sheldon and his many shirts! How are you sporting your favorite superhero today? #BigBa‚Ä¶,CBS
0.0,18,Tue Sep 25 18:34:26 +0000 2018,1.0,0.0,0.0,"‚ö°Ô∏è ‚ÄúMagnum P.I. Premieres on CBS‚Äù

https://t.co/UtbQlcDG8S",CBS
0.0,19,Tue Sep 25 18:05:31 +0000 2018,1.0,0.0,0.0,".@jay_hernandez went on @latelateshow to talk about @MagnumPICBS, but he may have gotten @TiffanyHaddish as a surf‚Ä¶ https://t.co/a3acRu10aw",CBS
0.0,20,Mon Sep 24 18:56:15 +0000 2018,1.0,0.0,0.0,"RT @60Minutes: 60 Minutes turns 50 today. Tick, tick, tick ... https://t.co/3CVKEs9J7F",CBS
-0.226,21,Sun Sep 09 23:36:09 +0000 2018,0.917,0.083,0.0,"Due to an NFL overrun, CBS is delayed 17 mins in the following markets: Kansas City, Miami, Tampa, NOLA, New York,‚Ä¶ https://t.co/9eXZ9mA1Xb",CBS
0.67,22,Sun Sep 09 14:00:00 +0000 2018,0.744,0.0,0.256,Are you ready for some football? üèà Stream your favorite NFL games LIVE on #CBSAllAccess today:‚Ä¶ https://t.co/eHt8guHoyv,CBS
0.422,23,Sat Sep 08 16:20:43 +0000 2018,0.851,0.0,0.149,An unforgettable night of inspiring stories and performances highlighting the 10 years of impact #StandUpToCancer c‚Ä¶ https://t.co/8bp2XNKwfH,CBS
0.0,24,Sat Sep 08 00:00:00 +0000 2018,1.0,0.0,0.0,The star-studded event is about to begin! Tune in now to watch #StandUpToCancer on CBS and @cbsallaccess. https://t.co/cD8TJuQBog,CBS
-0.541,25,Fri Sep 07 23:15:09 +0000 2018,0.712,0.196,0.092,"RT @cbsallaccess: Join #TellMeAStory's @daniellemcam, @BillyMagnussen &amp; Dorian Missick by standing up to cancer! Watch @SU2C tonight at 8/7‚Ä¶",CBS
0.0,26,Fri Sep 07 21:50:51 +0000 2018,1.0,0.0,0.0,Tune in to a first-of-its-kind digital live show as lead up to @SU2C‚Äôs televised event tonight! The show will featu‚Ä¶ https://t.co/hIVaLAXYmR,CBS
-0.296,27,Thu Sep 06 22:10:49 +0000 2018,0.879,0.121,0.0,Hollywood legend Burt Reynolds has passed away at the age of 82. He will be missed. https://t.co/HSmcJ9X9iC,CBS
0.475,28,Thu Sep 06 19:00:01 +0000 2018,0.808,0.0,0.192,Here are @FBICBS‚Äô @JeremySisto and @EboneeReigne with a powerful message before #StandUpToCancer airs tomorrow! https://t.co/OCqh91N1OO,CBS
0.0,29,Wed Sep 05 21:00:00 +0000 2018,1.0,0.0,0.0,Here's everything you need to know before tuning into #StandUpToCancer this Friday at 8/7c: https://t.co/IT9ht84TZ1 https://t.co/OK4AOxw5mP,CBS
0.361,30,Wed Sep 05 17:32:40 +0000 2018,0.889,0.0,0.111,Survivor host @JeffProbst is here to break down the theme of #Survivor: David vs. Goliath before the new season beg‚Ä¶ https://t.co/8TcA200eFQ,CBS
0.691,31,Wed Sep 05 16:48:09 +0000 2018,0.467,0.0,0.533,"Thanks, @StephenAtHome. 
P.S. Nice beard. #LSSC https://t.co/wppVtfR9cL",CBS
0.422,32,Tue Sep 04 20:34:26 +0000 2018,0.865,0.0,0.135,The biggest names in entertainment are coming together once again for #StandUpToCancer this Friday at 8/7c on @CBS‚Ä¶ https://t.co/ntuGKLYvuW,CBS
0.651,33,Sat Sep 01 15:25:34 +0000 2018,0.829,0.0,0.171,RT @cbsallaccess: Stream #17 @WestVirginiaU vs. @UTKnoxville LIVE today at 3:30PM ET on CBS All Access! Try 1 month FREE using code BINGENO‚Ä¶,CBS
0.0,34,Fri Aug 31 21:26:49 +0000 2018,1.0,0.0,0.0,"In just one week, @RWitherspoon, @McConaughey, Jennifer Garner, and more will attend the #‚ÄãStandUpToCancer fundrais‚Ä¶ https://t.co/iHKGOoWejA",CBS
0.0,35,Fri Aug 31 18:01:01 +0000 2018,1.0,0.0,0.0,"Believe in miracles. Watch this sneak peek of the complete premiere episode of @GodFriendedMe now, a month before i‚Ä¶ https://t.co/5AIUH5VmMk",CBS
-0.691,36,Thu Aug 30 19:45:51 +0000 2018,0.761,0.239,0.0,"RT @cbsallaccess: Money. Murder. Mystery. #OneDollar is now streaming, exclusively on CBS All Access. https://t.co/3qFdTEmVU5 https://t.co/‚Ä¶",CBS
0.624,37,Thu Aug 30 15:32:47 +0000 2018,0.83,0.0,0.17,RT @GodFriendedMe: It's a godsend! We're dropping the #GodFriendedMe pilot tomorrow right here on Twitter for you to stream a full month be‚Ä¶,CBS
0.0,38,Mon Aug 27 23:36:57 +0000 2018,1.0,0.0,0.0,"It's almost time for sweater weather, pumpkin spice lattes, and CBS Fall TV premieres. Check out the storylines for‚Ä¶ https://t.co/BpgDyYl8fc",CBS
-0.439,39,Fri Aug 24 20:30:16 +0000 2018,0.888,0.112,0.0,RT @cbsallaccess: #NFL preseason coverage is here! üèà The Detroit @Lions battle the Tampa Bay @Buccaneers tonight at 8PM ET. Stream the game‚Ä¶,CBS
0.0,40,Wed Aug 22 20:55:25 +0000 2018,1.0,0.0,0.0,"@bigbangtheory üé∂...happy kitty, sleepy kitty, purr purr purrüé∂ #TheBigBangTheory https://t.co/sEObppGJlZ",CBS
-0.402,41,Sun Aug 05 22:05:44 +0000 2018,0.886,0.114,0.0,"RT @cbsallaccess: From the writer of Scream, The Vampire Diaries and The Following, comes a modern day twist on classic fairy tales. 

#Tel‚Ä¶",CBS
-0.691,42,Sun Aug 05 22:00:47 +0000 2018,0.793,0.207,0.0,"RT @cbsallaccess: Small town. Big murder. Follow the Money. 

#OneDollar premieres August 30, exclusively on CBS All Access. https://t.co/T‚Ä¶",CBS
0.0,43,Sun Aug 05 21:48:41 +0000 2018,1.0,0.0,0.0,RT @cbsallaccess: That's a wrap on the #TellMeAStory panel! @GodFriendedMe is up next! #TCA18 #CBSAllAccess,CBS
0.856,44,Sun Aug 05 21:48:36 +0000 2018,0.714,0.0,0.286,"RT @cbsallaccess: ""What I love about New York City - besides being the best city in the world - it's textural, it's real, it has everything‚Ä¶",CBS
0.599,45,Sun Aug 05 21:48:29 +0000 2018,0.766,0.0,0.234,RT @cbsallaccess: Who's ready to see @KimCattrall play @daniellemcam's (AKA Little Red Riding Hood) grandmother? #TellMeAStory #TCA18 #CBSA‚Ä¶,CBS
0.612,46,Sun Aug 05 21:31:15 +0000 2018,0.792,0.0,0.208,"RT @cbsallaccess: ""What I like about this show is that there's nothing else on TV like it right now."" -@kevwilliamson #TellMeAStory #TCA18‚Ä¶",CBS
-0.275,47,Sun Aug 05 20:58:52 +0000 2018,0.742,0.153,0.105,"RT @MurphyBrownCBS: According to Candice Bergen and Diane English, there's never been a more perfect time to revive #MurphyBrown! https://t‚Ä¶",CBS
0.0,48,Sun Aug 05 20:56:17 +0000 2018,1.0,0.0,0.0,"RT @MurphyBrownCBS: #MurphyBrown has always been a political show, and that won't change! Read on about how the show plans to cover hot top‚Ä¶",CBS
-0.459,49,Sun Aug 05 20:10:33 +0000 2018,0.875,0.125,0.0,"RT @FBICBS: ""People are going to get a very realistic view of how that office operates and the stresses. It's a zero-tolerance FBI office.‚Ä¶",CBS
0.0,50,Sun Aug 05 19:43:38 +0000 2018,1.0,0.0,0.0,Stay tuned for more #CBS #TCA18 action! The @cbsallaccess panel is up next. üëçüèº https://t.co/fcjiEwpaN0,CBS
0.0,51,Sun Aug 05 19:22:22 +0000 2018,1.0,0.0,0.0,"RT @FBICBS: #FBIFam, this should cure your #SundayScaries! Check out the #FBI preview that was shown at the #CBS #TCA18 before the panel. h‚Ä¶",CBS
0.625,52,Sun Aug 05 19:21:28 +0000 2018,0.796,0.0,0.204,"RT @TheNeighborhood: ""Once we shot the pilot, we knew that we had a great show."" -@CedEntertainer #TheNeighborhood #CBS",CBS
0.138,53,Sun Aug 05 19:16:45 +0000 2018,0.823,0.079,0.098,"RT @TheNeighborhood: ""It was so well done, as far as I was concerned, that it became a no brainer to do the show. I called the next morning‚Ä¶",CBS
0.0,54,Sun Aug 05 19:15:53 +0000 2018,1.0,0.0,0.0,"RT @TheNeighborhood: ""This is a show about people. This is a show about families, neighbors, friendships... At its core, this is a show abo‚Ä¶",CBS
0.459,55,Sun Aug 05 18:54:24 +0000 2018,0.818,0.0,0.182,"RT @TheNeighborhood: We're here at the #CBS #TCA18 giving you the inside scoop on #TheNeighborhood with our stars @CedEntertainer, @Tichina‚Ä¶",CBS
0.0,56,Sun Aug 05 18:01:09 +0000 2018,1.0,0.0,0.0,RT @MurphyBrownCBS: That's a wrap on the #MurphyBrown panel at #TCA18! @TheNeighborhood is up next! #CBS,CBS
0.0,57,Sun Aug 05 17:55:07 +0000 2018,1.0,0.0,0.0,"RT @MurphyBrownCBS: Diane English reveals ""We have an enormously famous person in our first episode,"" but keeps the secret under wraps! üôä #‚Ä¶",CBS
0.0,58,Sun Aug 05 17:51:13 +0000 2018,1.0,0.0,0.0,"RT @MurphyBrownCBS: Diane English talks about how to stay topically relevant while writing scripts ahead of time &amp; also said, ""We have an i‚Ä¶",CBS
0.0,59,Sun Aug 05 17:47:01 +0000 2018,1.0,0.0,0.0,RT @MurphyBrownCBS: All the feels! ‚ù§Ô∏è #MurphyBrown returns to #CBS this fall! https://t.co/OvQk3CV49W,CBS
-0.002,60,Sun Aug 05 17:39:48 +0000 2018,0.853,0.074,0.073,"RT @MurphyBrownCBS: ""It's been very emotional for the old guys... We saw Murphy's townhouse and we all got tears in our eyes."" -Candice Ber‚Ä¶",CBS
0.757,61,Wed Jun 27 14:00:01 +0000 2018,0.711,0.0,0.289,"It looks like you...

(‚Ä¢_‚Ä¢)
( ‚Ä¢_‚Ä¢)&gt;‚åê‚ñ†-‚ñ†
(‚åê‚ñ†_‚ñ†)

Have a lot of TV to watch!

Celebrate #NationalSunglassesDay with H‚Ä¶ https://t.co/Babt4ajIgV",CBS
0.557,62,Mon Jun 25 18:20:25 +0000 2018,0.796,0.0,0.204,The world will finally know the truth. ‚òÑÔ∏è Make sure to tune in to the heart-pounding Season 2 premiere of‚Ä¶ https://t.co/mqMleW90DY,CBS
0.187,63,Fri Jun 22 21:19:06 +0000 2018,0.902,0.0,0.098,Tonight's the night! Don't miss model @ashleygraham on the season finale of Celebrity @undercover_cbs at 8/7c. https://t.co/iBxAOcOF7a,CBS
0.42,64,Fri Jun 22 18:33:53 +0000 2018,0.811,0.0,0.189,"Every day is #TakeYourDogToWorkDay for shows like @HawaiiFive0CBS, @MomCBS, @SEALTeamCBS, and @bigbangtheory! https://t.co/DJaOt1VQcw",CBS
0.493,65,Thu Jun 21 23:29:50 +0000 2018,0.803,0.0,0.197,"Lights, camera, selfie! üì∏¬†Could there be a better photo for #NationalSelfieDay? https://t.co/14Ewx64yKC",CBS
0.356,66,Wed Jun 20 00:39:01 +0000 2018,0.68,0.122,0.199,There‚Äôs nothing quite like watching a contestant win a brand new car on @PriceIsRight. üëè  https://t.co/aKlFikYAMM,CBS
0.0,67,Mon Jun 18 20:27:50 +0000 2018,1.0,0.0,0.0,Time to make your predictions for #BB20! üëè Get to know the @CBSBigBrother Houseguests before the big premiere next‚Ä¶ https://t.co/jlpIchJ9sk,CBS
0.0,68,Mon Jun 18 15:00:46 +0000 2018,1.0,0.0,0.0,RT @CBSBigBrother: Meet the cast of #BB20... before anyone else! Start streaming all their live interviews beginning at 11am EST/8am PST on‚Ä¶,CBS
0.939,69,Sun Jun 17 13:00:01 +0000 2018,0.507,0.0,0.493,"Today and every day we celebrate their love, guidance, and support. Happy #FathersDay to every kind of dad! https://t.co/Wffax1khBH",CBS
0.36,70,Fri Jun 15 18:48:29 +0000 2018,0.872,0.0,0.128,"Casting Alert! @paulwesley, @DaniaJRamirez &amp; @JamesWolk are set to star in the upcoming CBS All Access psychologica‚Ä¶ https://t.co/JnZMrzT92n",CBS
-0.296,71,Thu Jun 14 17:30:00 +0000 2018,0.833,0.167,0.0,"In case you missed it, watch the entire #TonyAwards now: https://t.co/Bm0yNV3Ff3 https://t.co/h3YnFkmSQJ",CBS
0.178,72,Thu Jun 14 16:19:32 +0000 2018,0.734,0.12,0.147,RT @StrangeAngel: Mastermind or maniac? Explore the brilliant mind of Jack Parsons in #StrangeAngel. Now streaming on CBS All Access: https‚Ä¶,CBS
-0.556,73,Tue Jun 12 00:19:23 +0000 2018,0.551,0.315,0.134,"No pain, no gain, ALL Hart! Just one month until the premiere of @TKOCBS hosted by @KevinHart4real. https://t.co/C1yMCglxVn",CBS
0.509,74,Mon Jun 11 22:23:06 +0000 2018,0.829,0.0,0.171,"RT @TheNeighborhood: Welcome to #TheNeighborhood, @BethBehrs! The @2BrokeGirls star returns to @CBS in a new sitcom alongside @CedEntertain‚Ä¶",CBS
-0.296,75,Mon Jun 11 19:01:38 +0000 2018,0.833,0.167,0.0,"In case you missed it, watch the entire #TonyAwards now: https://t.co/Bm0yNV3Ff3 https://t.co/3GA5otlcPa",CBS
0.0,76,Mon Jun 11 14:00:37 +0000 2018,1.0,0.0,0.0,How do you know @SaraBareilles and @joshgroban's music? #TonyAwards https://t.co/POMXBORfUT,CBS
0.0,77,Mon Jun 11 06:19:36 +0000 2018,1.0,0.0,0.0,Here are all the performances from the 2018 #TonyAwards: https://t.co/gN4ItpFlRd https://t.co/fSMNBXKC9r,CBS
0.477,78,Mon Jun 11 06:04:41 +0000 2018,0.78,0.0,0.22,See the complete list of winners from the 2018 #TonyAwards: https://t.co/9XK6CGeber https://t.co/HkUIN4Quej,CBS
0.848,79,Mon Jun 11 03:10:33 +0000 2018,0.594,0.0,0.406,An end to a magical evening. The Band's Visit wins for Best Musical! #TonyAwards https://t.co/ODza97n8YH,CBS
0.92,80,Mon Jun 11 03:02:06 +0000 2018,0.537,0.0,0.463,Congratulations are in order for @TheKatrinaLenk! She just won for Best Leading Actress in a Musical. #TonyAwards https://t.co/t9bNvpiEmH,CBS
0.0,81,Fri May 18 21:00:01 +0000 2018,1.0,0.0,0.0,It's going down (literally) on the Season Finale of @HawaiiFive0CBS when a submarine appears off the coast of Waiki‚Ä¶ https://t.co/oD7Le5XUz6,CBS
0.36,82,Fri May 18 14:00:03 +0000 2018,0.849,0.0,0.151,"The #RoyalWedding is finally here, and you're invited! Join @CBSThisMorning‚Äôs @GayleKing and @etnow‚Äôs @KevinFrazier‚Ä¶ https://t.co/Q5xiRkXLUz",CBS
0.718,83,Thu May 17 23:44:27 +0000 2018,0.739,0.0,0.261,When the @LifeInPiecesCBS season finale is back-to-back episodes. üëè Get ready for double the laughs at 9/8c! https://t.co/SYW5UzXobv,CBS
0.187,84,Thu May 17 21:19:59 +0000 2018,0.907,0.0,0.093,Rules were made to be broken.üí• Don't miss the heart-pounding season finale of @swatcbs TONIGHT at 10/9c! https://t.co/NXLbeIrvcp,CBS
0.0,85,Thu May 17 19:12:51 +0000 2018,1.0,0.0,0.0,"Is it fall yet? Check out the first looks at our new fall shows and stars from the CBS Upfront!

https://t.co/l7GQVRzRFw",CBS
0.556,86,Thu May 17 13:00:00 +0000 2018,0.854,0.0,0.146,How many shows can you binge in a month? Find out with a 1 month free trial of CBS All Access! Use code STREAMITALL‚Ä¶ https://t.co/yccQppCaxC,CBS
0.75,87,Thu May 17 00:00:00 +0000 2018,0.758,0.0,0.242,"Save the dates! The CBS Fall lineup is here, and we're welcoming six new shows in addition to returning hits. Which‚Ä¶ https://t.co/f9PSQfpHL7",CBS
0.557,88,Wed May 16 22:56:24 +0000 2018,0.841,0.0,0.159,What happens when the friendliest guy in the Midwest moves his family next door to a not-so-friendly new LA neighbo‚Ä¶ https://t.co/KtEoNE3deL,CBS
0.38,89,Wed May 16 22:56:24 +0000 2018,0.89,0.0,0.11,"When @MurphyBrownCBS returns to the news world, things sure won't be what they used to be! The revival of the groun‚Ä¶ https://t.co/jJcgyqyDxL",CBS
0.34,90,Wed May 16 22:56:23 +0000 2018,0.888,0.0,0.112,"When decorated former Navy SEAL Thomas Magnum returns home to Hawaii, he embarks on a new mission: solving cases in‚Ä¶ https://t.co/6n2MWY3c2f",CBS
0.586,91,Wed May 16 22:56:23 +0000 2018,0.826,0.0,0.174,The ordinary turns extraordinary for this suburban couple when an exuberant young pop star unexpectedly moves in wi‚Ä¶ https://t.co/9xaAUSm5nm,CBS
0.84,92,Wed May 16 22:56:23 +0000 2018,0.6,0.0,0.4,An outspoken atheist's life takes a surprising turn when he accepts a social media friend request from God! Watch w‚Ä¶ https://t.co/EbVbL0SNDk,CBS
-0.459,93,Wed May 16 22:56:23 +0000 2018,0.577,0.26,0.163,"When danger threatens the nation, these elite agents risk their lives to keep it safe. Join them on the case when n‚Ä¶ https://t.co/LuSY0jXBf9",CBS
0.0,94,Wed May 16 22:56:22 +0000 2018,1.0,0.0,0.0,Meet the new shows coming to CBS this fall!,CBS
0.778,95,Wed May 16 21:46:07 +0000 2018,0.772,0.0,0.228,So much TV to love! ‚ù§Ô∏è Be sure to follow the shows of the CBS 2018-2019 primetime lineup and stay up-to-date on the‚Ä¶ https://t.co/lQwGtznj5i,CBS
0.296,96,Wed May 16 18:05:27 +0000 2018,0.905,0.0,0.095,"Every mission leaves its mark. Join us in the final mission to avenge Echo Team's deaths, tonight at 9/8c during th‚Ä¶ https://t.co/SlfprTVDgD",CBS
0.637,97,Wed May 16 13:52:57 +0000 2018,0.766,0.0,0.234,"Get ready for three new comedies, five new dramas and the return of the critically acclaimed @MurphyBrownCBS. Here'‚Ä¶ https://t.co/alHwUTRFKh",CBS
0.46,98,Wed May 16 13:24:14 +0000 2018,0.857,0.0,0.143,"RT @happytogether: When an international pop star moves into your house, life gets a little more interesting! @wayansjr, @AmberoniStevens a‚Ä¶",CBS
0.812,99,Wed May 16 13:23:26 +0000 2018,0.67,0.0,0.33,"RT @TheNeighborhood: You can‚Äôt pick your neighbors, but Calvin sure wishes he could! @CedEntertainer stars in the new comedy #TheNeighborho‚Ä¶",CBS
-0.206,100,Tue May 15 20:16:38 +0000 2018,0.821,0.109,0.07,Tonight's the night - Agent Dwayne Pride's fate will be revealed. Don't miss the special two-hour season finale of‚Ä¶ https://t.co/52amkSiNcA,CBS
0.273,1,Sun Sep 30 08:31:00 +0000 2018,0.896,0.0,0.104,SiriusXM is buying Pandora in a $3.5 billion all-stock deal. The deal will create the world's largest audio enterta‚Ä¶ https://t.co/LRwNGnJu88,CNN
0.361,2,Sun Sep 30 08:01:04 +0000 2018,0.857,0.0,0.143,Stepping into this Seoul cafe feels like entering the black-and-white world of a cartoon https://t.co/t5qCzejhyj vi‚Ä¶ https://t.co/G7flwx8rEm,CNN
-0.599,3,Sun Sep 30 07:50:46 +0000 2018,0.794,0.206,0.0,"The death toll from an earthquake and tsunami now exceeds 830 people,  Indonesian officials say.‚Ä¶ https://t.co/4qMtFf6m5O",CNN
0.153,4,Sun Sep 30 07:31:00 +0000 2018,0.882,0.0,0.118,Watch a seal slap a kayaker in the face -- with an octopus: https://t.co/o5zJ8GhVv8 https://t.co/44ucQCMCKB,CNN
0.0,5,Sun Sep 30 07:01:05 +0000 2018,1.0,0.0,0.0,Cutting-edge research on an ancient mummy shows that Egyptians were embalming bodies in prehistoric times https://t.co/GIhkkA68XQ,CNN
0.735,6,Sun Sep 30 06:31:00 +0000 2018,0.64,0.0,0.36,"This 7-year-old girl wowed a crowd with a stunning rendition of the ""Star-Spangled Banner"" https://t.co/MzQnkXqx53",CNN
0.0,7,Sun Sep 30 06:01:07 +0000 2018,1.0,0.0,0.0,"Scientists may have uncovered an entire new whale species that lived millions of years ago. 

Bones found at a land‚Ä¶ https://t.co/KaG3tJxcPs",CNN
0.0,8,Sun Sep 30 05:46:05 +0000 2018,1.0,0.0,0.0,"Days ago, residents in a community north of St. Louis got some news that they've long wanted to hear. Radioactive m‚Ä¶ https://t.co/swmxWH3MSH",CNN
0.273,9,Sun Sep 30 05:31:00 +0000 2018,0.884,0.0,0.116,Former presidential candidate Hillary Clinton made a surprise appearance in the first episode of the 'Murphy Brown'‚Ä¶ https://t.co/owLc7OvGKP,CNN
0.361,10,Sun Sep 30 05:16:05 +0000 2018,0.894,0.0,0.106,Tom Hanks is ready to be your neighbor -- as Mister Rogers in an upcoming and as-yet-untitled film about the childr‚Ä¶ https://t.co/N6rKE63Iik,CNN
0.0,11,Sun Sep 30 05:01:00 +0000 2018,1.0,0.0,0.0,300 glowing drones illuminate the night sky in this choreographed spectacle https://t.co/B2RhWXTnHV https://t.co/CjWifh0P0i,CNN
0.459,12,Sun Sep 30 04:46:02 +0000 2018,0.87,0.0,0.13,This custodian has been spreading kindness at Bristol University for more than 11 years so students at the school l‚Ä¶ https://t.co/PPINKQs66p,CNN
0.0,13,Sun Sep 30 04:31:00 +0000 2018,1.0,0.0,0.0,Meet DJ Switch: A 10-year-old girl from Ghana who wants to be a gynecologist when she grows up. Erica Armah Bra-Bul‚Ä¶ https://t.co/xxBEDzxlD9,CNN
0.0,14,Sun Sep 30 04:16:00 +0000 2018,1.0,0.0,0.0,"What has two heads, is extremely rare and doesn't have a long life expectancy?

This two-headed baby copperhead, wh‚Ä¶ https://t.co/UmdU9G7kOj",CNN
-0.273,15,Sun Sep 30 04:01:04 +0000 2018,0.905,0.095,0.0,"Ted Turner is battling Lewy body dementia, the CNN founder revealed in an interview that will air over the weekend‚Ä¶ https://t.co/mjUlSYrDlb",CNN
0.0,16,Sun Sep 30 03:30:23 +0000 2018,1.0,0.0,0.0,"The oldest known animal in the geological record has been identified, in a discovery that scientists are calling ""t‚Ä¶ https://t.co/s8adwFD2pS",CNN
0.0,17,Sun Sep 30 03:00:06 +0000 2018,1.0,0.0,0.0,Several Southern California high school students face disciplinary action after spelling out a racial slur with let‚Ä¶ https://t.co/2goay3zfXq,CNN
-0.178,18,Sun Sep 30 02:32:25 +0000 2018,0.922,0.078,0.0,A long-lost warship has been discovered off the coast of China after an extensive hunt to track down relics from fr‚Ä¶ https://t.co/JCoIJmFVGv,CNN
0.599,19,Sun Sep 30 02:00:13 +0000 2018,0.766,0.0,0.234,"SiriusXM is buying Pandora in a $3.5 billion deal, which will create the world's largest audio entertainment compan‚Ä¶ https://t.co/mHXQZC5D4q",CNN
0.226,20,Sun Sep 30 01:00:08 +0000 2018,0.853,0.0,0.147,Only these 8 states require sex education classes to mention consent https://t.co/joJ5Fkhkan https://t.co/3VmFDbGc5L,CNN
0.402,21,Sat Sep 29 16:30:13 +0000 2018,0.847,0.0,0.153,"A 33-year-old vet went to the VA for help. Hours later, he took his own life. https://t.co/Fv9cfLdrE9",CNN
-0.791,22,Sat Sep 29 16:00:10 +0000 2018,0.667,0.333,0.0,At least 384 are dead and hundreds injured after a tsunami and earthquake in Indonesia https://t.co/6QMEFJopLb https://t.co/IYCYKfCIUU,CNN
0.494,23,Sat Sep 29 15:46:07 +0000 2018,0.842,0.0,0.158,"Leland Ingham Keyser, a friend of Christine Blasey Ford, is not refuting Ford's allegation and will cooperate with‚Ä¶ https://t.co/TJafi07Kia",CNN
0.0,24,Sat Sep 29 15:17:19 +0000 2018,1.0,0.0,0.0,Typhoon Trami is unleashing heavy winds and rain on southern Japan as it slowly marches toward the nation's main is‚Ä¶ https://t.co/6mrQrfOpXW,CNN
0.178,25,Sat Sep 29 14:01:06 +0000 2018,0.52,0.245,0.234,"A Mediterranean diet -- rich in vegetables, fruits, nuts and fish -- could help lower a person's risk of depression‚Ä¶ https://t.co/qsWWdCkbp1",CNN
-0.7,26,Sat Sep 29 13:46:06 +0000 2018,0.703,0.242,0.055,Shockwaves from the massive bombing raids during World War II reached the edge of space and weakened the Earth's up‚Ä¶ https://t.co/8KgMQNawGx,CNN
0.273,27,Sat Sep 29 13:31:00 +0000 2018,0.884,0.0,0.116,Former presidential candidate Hillary Clinton made a surprise appearance in the first episode of the 'Murphy Brown'‚Ä¶ https://t.co/4LW4920YfF,CNN
-0.318,28,Sat Sep 29 13:16:03 +0000 2018,0.887,0.113,0.0,"Is Emmanuel Macron the new Tony Blair -- lauded abroad, mocked at home? | Analysis by CNN's Melissa Bell‚Ä¶ https://t.co/Qss2RgsvMs",CNN
-0.772,29,Sat Sep 29 13:01:12 +0000 2018,0.691,0.309,0.0,"A dog lost part of her skull to cancer, so researchers 3D-printed a plate to replace it https://t.co/SxpvzKORbT https://t.co/UESQOryY0Y",CNN
0.34,30,Sat Sep 29 12:46:06 +0000 2018,0.841,0.0,0.159,"""Millions of Americans could follow live something that looked like a search for truth, but only on the surface. ..‚Ä¶ https://t.co/nAkVIZdR96",CNN
-0.178,31,Sat Sep 29 12:31:00 +0000 2018,0.922,0.078,0.0,A long-lost warship has been discovered off the coast of China after an extensive hunt to track down relics from fr‚Ä¶ https://t.co/NLz9VFBdx5,CNN
0.25,32,Sat Sep 29 12:16:05 +0000 2018,0.796,0.08,0.124,One of the women who confronted Sen. Jeff Flake in a Capitol elevator Friday said she hopes other Republican senato‚Ä¶ https://t.co/GL6sJnfjpG,CNN
0.612,33,Sat Sep 29 12:00:24 +0000 2018,0.75,0.0,0.25,"Instagram-friendly food. Yes, please. #NoFilter. Travel to Asturias, Spain on an all-new #PartsUnknown, Sunday at 9‚Ä¶ https://t.co/4uAoNu4idr",CNN
0.557,34,Sat Sep 29 11:46:03 +0000 2018,0.795,0.0,0.205,Jeff Flake's moment: How a reliable conservative cast Brett Kavanaugh's Supreme Court confirmation into doubt‚Ä¶ https://t.co/DIRC09z8tk,CNN
0.0,35,Sat Sep 29 11:31:00 +0000 2018,1.0,0.0,0.0,Meet DJ Switch: A 10-year-old girl from Ghana who wants to be a gynecologist when she grows up. Erica Armah Bra-Bul‚Ä¶ https://t.co/PyxMF661f6,CNN
-0.572,36,Sat Sep 29 11:16:02 +0000 2018,0.85,0.15,0.0,An American flag shown on a livestream as it was shredded by the fury of Hurricane Florence is being auctioned to h‚Ä¶ https://t.co/8WsJqWsBnN,CNN
0.0,37,Sat Sep 29 11:01:05 +0000 2018,1.0,0.0,0.0,Cutting-edge research on an ancient mummy shows that Egyptians were embalming bodies in prehistoric times https://t.co/GwmUQHSQW0,CNN
0.572,38,Sat Sep 29 11:01:00 +0000 2018,0.802,0.0,0.198,This Ohio town celebrated Christmas a few months early this year for a 2-year-old with brain cancer‚Ä¶ https://t.co/FIO0Ia2eWO,CNN
-0.735,39,Sat Sep 29 10:46:02 +0000 2018,0.744,0.256,0.0,"An estimated 80,000 Americans died of flu and its complications last winter, the CDC says, making it the deadliest‚Ä¶ https://t.co/S9vUosYzPB",CNN
0.273,40,Sat Sep 29 10:31:00 +0000 2018,0.896,0.0,0.104,SiriusXM is buying Pandora in a $3.5 billion all-stock deal. The deal will create the world's largest audio enterta‚Ä¶ https://t.co/pBImRwJDun,CNN
-0.572,41,Sat Sep 29 02:56:17 +0000 2018,0.85,0.15,0.0,An American flag shown on a livestream as it was shredded by the fury of Hurricane Florence is being auctioned to h‚Ä¶ https://t.co/EE4Y8denkj,CNN
-0.484,42,Sat Sep 29 02:53:08 +0000 2018,0.75,0.167,0.083,"RT @CuomoPrimeTime: .@chriscuomo on a surprising end to a turbulent week: 

If senators could make something happen on an issue so ugly and‚Ä¶",CNN
0.494,43,Sat Sep 29 02:52:50 +0000 2018,0.862,0.0,0.138,"RT @CNNTonight: Samantha Guerry, a longtime friend of Christine Blasey Ford tells CNN's @DonLemon that the order for the FBI to investigate‚Ä¶",CNN
0.0,44,Sat Sep 29 02:46:07 +0000 2018,1.0,0.0,0.0,"Washington's wild, unresolved week https://t.co/f79x6WHY6u https://t.co/W16MFofw5O",CNN
0.0,45,Sat Sep 29 02:31:02 +0000 2018,1.0,0.0,0.0,Residents in a community north of St. Louis got some news this week they've longed wanted to hear. Radioactive mate‚Ä¶ https://t.co/qCT8VjWfF0,CNN
0.34,46,Sat Sep 29 02:16:07 +0000 2018,0.841,0.0,0.159,"""Millions of Americans could follow live something that looked like a search for truth, but only on the surface. ..‚Ä¶ https://t.co/81quaeom0L",CNN
0.439,47,Sat Sep 29 02:14:20 +0000 2018,0.83,0.0,0.17,"RT @OutFrontCNN: Deborah Ford Peters, Christine Blasey Ford's sister-in-law on Kavanaugh: ""I felt like he was extremely defensive even to t‚Ä¶",CNN
-0.226,48,Sat Sep 29 02:01:09 +0000 2018,0.905,0.095,0.0,"A federal judge in Washington, DC, ruled that a lawsuit brought by more than 200 Democrats in Congress against Pres‚Ä¶ https://t.co/R7e0jYZGYY",CNN
0.0,49,Sat Sep 29 02:01:00 +0000 2018,1.0,0.0,0.0,Meet DJ Switch: A 10-year-old girl from Ghana who wants to be a gynecologist when she grows up. Erica Armah Bra-Bul‚Ä¶ https://t.co/YKb5O9WgfJ,CNN
0.494,50,Sat Sep 29 01:59:49 +0000 2018,0.856,0.0,0.144,RT @CuomoPrimeTime: Democrat @ChrisCoons describes the dramatic private conversation he had with Sen. Flake leading to an agreement for an‚Ä¶,CNN
0.0,51,Sat Sep 29 01:59:30 +0000 2018,1.0,0.0,0.0,"RT @CuomoPrimeTime: Former Yale classmate of Brett Kavanaugh, Liz Swisher, describes him as ‚Äúone of the beer drinking boys,‚Äù saying she nev‚Ä¶",CNN
-0.273,52,Sat Sep 29 01:53:03 +0000 2018,0.905,0.095,0.0,"Ted Turner is battling Lewy body dementia, the CNN founder revealed in an interview that will air over the weekend‚Ä¶ https://t.co/8im8iY4DQf",CNN
0.0,53,Sat Sep 29 01:49:50 +0000 2018,1.0,0.0,0.0,The last abortion clinic in Kentucky can stay open after a federal judge threw out a state law on licensing agreeme‚Ä¶ https://t.co/O66Qb5GYLf,CNN
-0.886,54,Sat Sep 29 01:45:46 +0000 2018,0.606,0.394,0.0,"At least one person died and 10 were injured, according to Indonesia's Disaster Management Agency, after a series o‚Ä¶ https://t.co/JcvcWBAGNM",CNN
0.0,55,Sat Sep 29 01:41:05 +0000 2018,1.0,0.0,0.0,"He was the only one in his family to survive the Holocaust, and he's pushing Oregon state legislators to mandate th‚Ä¶ https://t.co/m8GZOV5qml",CNN
0.0,56,Sat Sep 29 01:36:00 +0000 2018,1.0,0.0,0.0,300 glowing drones illuminate the night sky in this choreographed spectacle https://t.co/B2RhWXTnHV https://t.co/z279VXXjjS,CNN
0.0,57,Sat Sep 29 01:31:06 +0000 2018,1.0,0.0,0.0,McDonald's is removing artificial additives from its burgers https://t.co/XiawloGSkD https://t.co/WPCdJlq4pS,CNN
0.273,58,Sat Sep 29 01:26:00 +0000 2018,0.896,0.0,0.104,SiriusXM is buying Pandora in a $3.5 billion all-stock deal. The deal will create the world's largest audio enterta‚Ä¶ https://t.co/ttyGjlJI28,CNN
0.0,59,Sat Sep 29 01:21:03 +0000 2018,1.0,0.0,0.0,Democrats seize on circumstantial July 1 theory for Kavanaugh and Ford | Analysis by CNN's Z. Byron Wolf‚Ä¶ https://t.co/20chDzhvrO,CNN
-0.557,60,Sat Sep 29 01:20:05 +0000 2018,0.847,0.153,0.0,"Marty Balin, singer and co-founder of the '60s psychedelic rock band Jefferson Airplane, has died at age 76, his pu‚Ä¶ https://t.co/MntdXj1Rjr",CNN
-0.649,61,Fri Sep 28 18:21:01 +0000 2018,0.762,0.238,0.0,The Senate could be forced to delay a vote on Brett Kavanaugh‚Äôs confirmation after Republican Sen. Jeff Flake calle‚Ä¶ https://t.co/HFqzRINonR,CNN
0.743,62,Fri Sep 28 18:05:11 +0000 2018,0.73,0.0,0.27,BREAKING: The Senate Judiciary Committee has voted 11-10 along party lines to advance the nomination of Supreme Cou‚Ä¶ https://t.co/0Dla9bgziK,CNN
0.0,63,Fri Sep 28 17:44:00 +0000 2018,1.0,0.0,0.0,Meet DJ Switch: A 10-year-old girl from Ghana who wants to be a gynecologist when she grows up. Erica Armah Bra-Bul‚Ä¶ https://t.co/uLBAhN5FvQ,CNN
0.66,64,Fri Sep 28 17:37:00 +0000 2018,0.748,0.0,0.252,"Called ""The Passion Diamond Shoes"", these gold and diamond-encrusted stilettos are believed to be the world's most‚Ä¶ https://t.co/xPBrcEuF7r",CNN
0.153,65,Fri Sep 28 17:30:06 +0000 2018,0.918,0.0,0.082,"America's national parks are warming and drying up faster than the rest of the country, a new study shows https://t.co/WQApdHsWKz",CNN
-0.382,66,Fri Sep 28 17:27:00 +0000 2018,0.696,0.209,0.096,"The Securities and Exchange Commission is suing Tesla CEO Elon Musk for ""false and misleading"" statements to invest‚Ä¶ https://t.co/0yMy46rIwE",CNN
0.0,67,Fri Sep 28 17:19:36 +0000 2018,1.0,0.0,0.0,"A US Marine Corps F-35B jet has crashed in Beaufort County, South Carolina, near Marine Corp Air Station Beaufort,‚Ä¶ https://t.co/Y8KdB0hkQB",CNN
0.0,68,Fri Sep 28 17:10:12 +0000 2018,1.0,0.0,0.0,"These are the key senators in Kavanaugh's confirmation. What we know about how they'll vote:

Sen. Collins ‚ùì
Sen. M‚Ä¶ https://t.co/BZErZhy1l1",CNN
-0.527,69,Fri Sep 28 17:06:06 +0000 2018,0.794,0.206,0.0,BREAKING: An attack on Facebook discovered earlier this week exposed information on nearly 50 million of the social‚Ä¶ https://t.co/Tx8p7PBfSc,CNN
0.727,70,Fri Sep 28 17:00:53 +0000 2018,0.724,0.0,0.276,".@chefjoseandres remembers his good friend, Anthony Bourdain and their trip to Asturias, Spain on an all new‚Ä¶ https://t.co/gvJkT1Zniw",CNN
-0.402,71,Fri Sep 28 16:43:00 +0000 2018,0.863,0.137,0.0,"She learned to swim at age 50 and now has 271 medals. Oh, and she's blind. https://t.co/6aE9Zg2ZTD https://t.co/UaW7rRFr4p",CNN
0.294,72,Fri Sep 28 16:30:33 +0000 2018,0.846,0.0,0.154,"""What is... yes?"" A ""Jeopardy!"" contestant surprised his girlfriend with a marriage proposal https://t.co/tey6M6LEfv https://t.co/rRPMerbQZt",CNN
0.67,73,Fri Sep 28 16:20:11 +0000 2018,0.664,0.075,0.261,"Sen. Jeff Flake, minutes after he announced he will support Supreme Court nominee Brett Kavanaugh, was confronted a‚Ä¶ https://t.co/cGm9vl2Rb7",CNN
0.557,74,Fri Sep 28 16:10:07 +0000 2018,0.833,0.0,0.167,The American Bar Association is calling on the Senate Judiciary Committee to halt consideration of Supreme Court no‚Ä¶ https://t.co/bjGFJQZebK,CNN
0.422,75,Fri Sep 28 16:00:06 +0000 2018,0.811,0.0,0.189,Lindsey Graham may have single-handedly saved Brett Kavanaugh's confirmation | Analysis by @CillizzaCNN‚Ä¶ https://t.co/KdyfBf3BNP,CNN
0.477,76,Fri Sep 28 15:50:06 +0000 2018,0.838,0.0,0.162,The House Intelligence Committee voted Friday to release transcripts from more than 50 closed-door interviews from‚Ä¶ https://t.co/vqdqSVFpUf,CNN
0.34,77,Fri Sep 28 15:41:41 +0000 2018,0.756,0.092,0.151,"JUST IN: Sen. Joe Donnelly, a key Democratic senator, announces he will vote no on Supreme Court nominee Brett Kava‚Ä¶ https://t.co/nclckHNdJR",CNN
-0.361,78,Fri Sep 28 15:30:11 +0000 2018,0.681,0.199,0.12,The National Sexual Assault Hotline got a 201% increase in calls during the Kavanaugh hearing‚Ä¶ https://t.co/K3WzgxZpxk,CNN
-0.402,79,Fri Sep 28 15:20:04 +0000 2018,0.655,0.222,0.124,"Sen. Dick Durbin: ‚ÄúAmerica is marching forward in the pursuit of justice for women in this country. Sadly, many on‚Ä¶ https://t.co/zIwSdWggbT",CNN
-0.572,80,Fri Sep 28 15:15:27 +0000 2018,0.696,0.22,0.084,"Sen. Lindsey Graham: ""This has never been about the truth. This has been about delay and destruction. And if we rew‚Ä¶ https://t.co/QQz9cUviep",CNN
-0.649,81,Fri Sep 28 04:51:07 +0000 2018,0.83,0.17,0.0,"Half of the world's killer whales could be wiped out before the end of the century, due to pollution from chemicals‚Ä¶ https://t.co/RBMuplHbXi",CNN
0.66,82,Fri Sep 28 04:46:00 +0000 2018,0.748,0.0,0.252,"Called ""The Passion Diamond Shoes"", these gold and diamond-encrusted stilettos are believed to be the world's most‚Ä¶ https://t.co/g6TXftSkfm",CNN
0.0,83,Fri Sep 28 04:31:07 +0000 2018,1.0,0.0,0.0,"Jeff Bezos' Blue Origin rocket company just scored a major contract.

His company's BE-4 engines will power United‚Ä¶ https://t.co/2kN5pq48os",CNN
-0.178,84,Fri Sep 28 04:16:00 +0000 2018,0.922,0.078,0.0,A long-lost warship has been discovered off the coast of China after an extensive hunt to track down relics from fr‚Ä¶ https://t.co/v2heOHX71L,CNN
0.361,85,Fri Sep 28 04:01:04 +0000 2018,0.898,0.0,0.102,"Tom Hanks is ready to be your neighbor. Sony Pictures has released the first photo of the actor as Fred Rogers, aka‚Ä¶ https://t.co/SSmmVndt1e",CNN
0.557,86,Fri Sep 28 04:00:36 +0000 2018,0.833,0.0,0.167,The American Bar Association is calling on the Senate Judiciary Committee to halt the consideration of Supreme Cour‚Ä¶ https://t.co/Y0KaU0WNSM,CNN
0.273,87,Fri Sep 28 03:49:50 +0000 2018,0.884,0.0,0.116,Former presidential candidate Hillary Clinton made a surprise appearance in the first episode of the 'Murphy Brown'‚Ä¶ https://t.co/49k3GxVv5O,CNN
0.0,88,Fri Sep 28 03:31:06 +0000 2018,1.0,0.0,0.0,Cutting-edge research on an ancient mummy shows that Egyptian were embalming bodies in prehistoric times https://t.co/vjDCkMZIsX,CNN
0.0,89,Fri Sep 28 03:21:01 +0000 2018,1.0,0.0,0.0,The company that owns Arby‚Äôs and Buffalo Wild Wings is buying drive-in burger joint Sonic for $2.3 billion‚Ä¶ https://t.co/fdRN0fURui,CNN
0.0,90,Fri Sep 28 03:16:02 +0000 2018,1.0,0.0,0.0,10 takeaways from the Brett Kavanaugh-Christine Blasey Ford hearings | Analysis by @CillizzaCNN‚Ä¶ https://t.co/FBb8lu6r8t,CNN
0.557,91,Fri Sep 28 03:01:04 +0000 2018,0.825,0.0,0.175,"Fred Guttenberg, the father of a slain Parkland student, said Supreme Court nominee Brett Kavanaugh's life is ""not‚Ä¶ https://t.co/j5Jv66wBGy",CNN
0.026,92,Fri Sep 28 02:56:05 +0000 2018,0.795,0.099,0.106,The US military's F-35B joint strike fighter conducted its first-ever airstrike on Thursday https://t.co/bVcALJOmZI,CNN
0.0,93,Fri Sep 28 02:46:06 +0000 2018,1.0,0.0,0.0,What changed after Thursday's hearing? @CNNOpinion asked a group of expert commentators to weigh in with their reac‚Ä¶ https://t.co/wTyTfaMMrc,CNN
0.0,94,Fri Sep 28 02:31:06 +0000 2018,1.0,0.0,0.0,"A newly discovered dinosaur species that's believed to have weighed 26,000 pounds was the largest land animal of it‚Ä¶ https://t.co/M1OZR3cngB",CNN
0.0,95,Fri Sep 28 02:22:52 +0000 2018,1.0,0.0,0.0,"RT @CuomoPrimeTime: Former Trump aide @MichaelRCaputo says he found Christine Blasey Ford's testimony today ‚Äúcourageous,‚Äù but that he ‚Äúdidn‚Ä¶",CNN
0.296,96,Fri Sep 28 02:22:11 +0000 2018,0.7,0.12,0.18,Christine Blasey Ford and Supreme Court nominee Brett Kavanaugh delivered dramatic and contradictory testimonies be‚Ä¶ https://t.co/wVxeBl6TaQ,CNN
0.557,97,Fri Sep 28 02:17:40 +0000 2018,0.806,0.0,0.194,A Friday morning committee vote could set up a quick confirmation for Supreme Court nominee Brett Kavanaugh‚Ä¶ https://t.co/JwNEON9eRc,CNN
0.153,98,Fri Sep 28 02:16:00 +0000 2018,0.882,0.0,0.118,Watch a seal slap a kayaker in the face -- with an octopus: https://t.co/o5zJ8GzwTI https://t.co/S7igw1GfiT,CNN
-0.402,99,Fri Sep 28 02:14:12 +0000 2018,0.881,0.119,0.0,"RT @CuomoPrimeTime: Lynne Brookes, a former classmate of Kavanaugh, alleges he was misleading about the extent of his drinking at Yale.

‚ÄúT‚Ä¶",CNN
0.494,100,Fri Sep 28 02:13:57 +0000 2018,0.856,0.0,0.144,RT @CuomoPrimeTime: Former Kavanaugh classmate @DavidMMcintosh vouches for his longtime friend: ‚ÄúWhat he presented today is who he is. He's‚Ä¶,CNN
0.621,1,Sat Sep 29 20:08:00 +0000 2018,0.612,0.0,0.388,THIS IS FINE. EVERYTHING IS FINE. üòê #TheResident https://t.co/K2UY5g46WB,FOX
-0.11,2,Sat Sep 29 15:07:00 +0000 2018,0.768,0.126,0.106,When you can't get your friend to commit to going out tonight. üôÑ #STAR https://t.co/J6690L8WjY,FOX
0.151,3,Sat Sep 29 01:56:28 +0000 2018,0.91,0.0,0.09,RT @HellsKitchenFOX: RETWEET if you want to dine with @GordonRamsay! üçΩ #HellsKitchen https://t.co/rK0hnfMGWf,FOX
0.459,4,Sat Sep 29 00:41:20 +0000 2018,0.667,0.0,0.333,You're welcome. üòâ #LastManStanding #TheCoolKids https://t.co/ozOIoTTsgt,FOX
0.0,5,Fri Sep 28 23:00:00 +0000 2018,1.0,0.0,0.0,Trying to describe your weekend plans to your co-workers... #Empire https://t.co/nbspn7Xwt2,FOX
0.0,6,Fri Sep 28 21:00:00 +0000 2018,1.0,0.0,0.0,The heat is turned all the way up. üî•üî•üî•Season 18 of #HellsKitchen premieres tonight at 9/8c! https://t.co/LjWFth8Da3,FOX
0.67,7,Fri Sep 28 19:26:24 +0000 2018,0.732,0.0,0.268,RT @LastManStanding: RETWEET if you're ready for the premiere of #LastManStanding TONIGHT at 8/7c! üéâ https://t.co/ITLRPPj9rV,FOX
0.493,8,Fri Sep 28 19:25:59 +0000 2018,0.667,0.106,0.227,RT @JennyChaban: Can't wait to see this show! üòÇ https://t.co/sjvr50P2DT,FOX
0.509,9,Fri Sep 28 19:25:52 +0000 2018,0.864,0.0,0.136,"RT @911onFOX: Bobby &amp; Athena's secret is officially OUT! 
üòç
What should be their ship name? üë®üèª‚ÄçüöíüëÆüèæ‚Äç‚ôÄÔ∏è #911onFOX https://t.co/pR416cdocV",FOX
0.0,10,Fri Sep 28 19:25:19 +0000 2018,1.0,0.0,0.0,...it is now! üòçüòçüòç #911onFOX https://t.co/Vz54dGKMp8,FOX
0.0,11,Fri Sep 28 19:24:17 +0000 2018,1.0,0.0,0.0,"RT @CinemaBlend: The new @FOXTV Friday kicks off tonight at 8PM with @LastManStanding, followed by @TheCoolKidsFOX and @HellsKitchenFOX. #g‚Ä¶",FOX
0.42,12,Fri Sep 28 18:00:02 +0000 2018,0.782,0.0,0.218,Get ready to meet the squad ‚Äî #TheCoolKids premieres tonight 8:30/7:30c! https://t.co/KoxqHgaVhv,FOX
0.509,13,Fri Sep 28 14:30:01 +0000 2018,0.732,0.0,0.268,Welcome home Baxter Family! #LastManStanding returns tonight at 8/7c. https://t.co/xPiCwSmk7r,FOX
0.0,14,Thu Sep 27 23:00:00 +0000 2018,1.0,0.0,0.0,Bust out those dance moves. #BobsBurgers is back this Sunday at 8:30/7:30! üï∫ https://t.co/bfQ8IfepK1,FOX
0.0,15,Thu Sep 27 20:30:00 +0000 2018,1.0,0.0,0.0,When your partner offers to buy you a few rounds after work. üçª#LethalWeapon https://t.co/3Xs09WSIWy,FOX
0.0,16,Thu Sep 27 17:30:00 +0000 2018,1.0,0.0,0.0,You've got to see it to believe it. #FamilyGuy returns Sunday at 9/8c! https://t.co/Ti1ot4JMIM,FOX
0.67,17,Thu Sep 27 14:00:02 +0000 2018,0.703,0.0,0.297,When you're giving one of your friends a ride for the first time. üöóüö® #911onFOX https://t.co/BoA0nqomDe,FOX
0.648,18,Thu Sep 27 02:59:49 +0000 2018,0.763,0.0,0.237,#Empire and #STAR supports the arts! Thank your arts educator by using #EmpireStarGivesBack or RTing this. We‚Äôll do‚Ä¶ https://t.co/USwwF8Ngcr,FOX
0.494,19,Wed Sep 26 23:00:00 +0000 2018,0.814,0.0,0.186,When your friend mentions they're opening a puppy park near the hospital. üê∂ #TheResident https://t.co/fJol8WMut5,FOX
-0.2,20,Wed Sep 26 20:30:00 +0000 2018,0.695,0.171,0.134,Already dreading the end of the weekend? Let #Rel make it better this Sunday at 9:30/8:30c! https://t.co/vEyguFAWXa,FOX
0.493,21,Mon Sep 24 12:32:00 +0000 2018,0.883,0.0,0.117,"Thanks to YOU, we're over 1/4 of the way to our @RedCross goal!  RETWEET now and FOX will donate $1 to Red Cross, u‚Ä¶ https://t.co/Fo1UJawVPd",FOX
0.0,22,Mon Sep 24 00:29:24 +0000 2018,1.0,0.0,0.0,@NoMisogynists We're all out of #NationalPreparedness + üö® kits! Watch @911onFOX tonight and @ResidentFOX Mondays this fall!,FOX
0.0,23,Mon Sep 24 00:29:21 +0000 2018,1.0,0.0,0.0,@Mzfabulouspearl We're all out of #NationalPreparedness + üö® kits! Watch @911onFOX tonight and @ResidentFOX Mondays this fall!,FOX
0.0,24,Mon Sep 24 00:29:12 +0000 2018,1.0,0.0,0.0,@xx_alyssax We're all out of #NationalPreparedness + üö® kits! Watch @911onFOX tonight and @ResidentFOX Mondays this fall!,FOX
0.0,25,Mon Sep 24 00:29:06 +0000 2018,1.0,0.0,0.0,@jaredblock12 We're all out of #NationalPreparedness + üö® kits! Watch @911onFOX tonight and @ResidentFOX Mondays this fall!,FOX
0.0,26,Mon Sep 24 00:28:57 +0000 2018,1.0,0.0,0.0,@EvanReal1 We're all out of #NationalPreparedness + üö® kits! Watch @911onFOX tonight and @ResidentFOX Mondays this fall!,FOX
0.0,27,Mon Sep 24 00:28:08 +0000 2018,1.0,0.0,0.0,@gowrysudarsanan We're all out of #NationalPreparedness + üö® kits! Watch @911onFOX tonight and @ResidentFOX Mondays this fall!,FOX
0.0,28,Mon Sep 24 00:27:57 +0000 2018,1.0,0.0,0.0,@julia_bergeron We're all out of #NationalPreparedness + üö® kits! Watch @911onFOX tonight and @ResidentFOX Mondays this fall!,FOX
0.0,29,Mon Sep 24 00:27:32 +0000 2018,1.0,0.0,0.0,@RAVEoholic We're all out of #NationalPreparedness + üö® kits! Watch @911onFOX tonight and @ResidentFOX Mondays this fall!,FOX
0.0,30,Mon Sep 24 00:27:26 +0000 2018,1.0,0.0,0.0,@Zemindar1 We're all out of #NationalPreparedness + üö® kits! Watch @911onFOX tonight and @ResidentFOX Mondays this fall!,FOX
0.0,31,Mon Sep 24 00:26:59 +0000 2018,1.0,0.0,0.0,@visualdestini We're all out of #NationalPreparedness + üö® kits! Watch @911onFOX tonight and @ResidentFOX Mondays this fall!,FOX
0.0,32,Mon Sep 24 00:26:15 +0000 2018,1.0,0.0,0.0,@Irish85momma We're all out of #NationalPreparedness + üö® kits! Watch @911onFOX tonight and @ResidentFOX Mondays this fall!,FOX
0.0,33,Mon Sep 24 00:26:13 +0000 2018,1.0,0.0,0.0,@Emilylo45634291 We're all out of #NationalPreparedness + üö® kits! Watch @911onFOX tonight and @ResidentFOX Mondays this fall!,FOX
0.0,34,Mon Sep 24 00:26:06 +0000 2018,1.0,0.0,0.0,@DMcCollick We're all out of #NationalPreparedness + üö® kits! Watch @911onFOX tonight and @ResidentFOX Mondays this fall!,FOX
0.0,35,Mon Sep 24 00:25:43 +0000 2018,1.0,0.0,0.0,@This12Sassy4U We're all out of #NationalPreparedness + üö® kits! Watch @911onFOX tonight and @ResidentFOX Mondays this fall!,FOX
0.0,36,Mon Sep 24 00:25:11 +0000 2018,1.0,0.0,0.0,@IamHarritz We're all out of #NationalPreparedness + üö® kits! Watch @911onFOX tonight and @ResidentFOX Mondays this fall!,FOX
0.0,37,Mon Sep 24 00:24:36 +0000 2018,1.0,0.0,0.0,@benzac_blue We're all out of #NationalPreparedness + üö® kits! Watch @911onFOX tonight and @ResidentFOX Mondays this fall!,FOX
0.0,38,Mon Sep 24 00:24:24 +0000 2018,1.0,0.0,0.0,@BelBivDeVeau We're all out of #NationalPreparedness + üö® kits! Watch @911onFOX tonight and @ResidentFOX Mondays this fall!,FOX
0.0,39,Mon Sep 24 00:24:15 +0000 2018,1.0,0.0,0.0,@CindyClp83160 We're all out of #NationalPreparedness + üö® kits! Watch @911onFOX tonight and @ResidentFOX Mondays this fall!,FOX
0.0,40,Mon Sep 24 00:23:59 +0000 2018,1.0,0.0,0.0,@TonyBolongna We're all out of #NationalPreparedness + üö® kits! Watch @911onFOX tonight and @ResidentFOX Mondays this fall!,FOX
0.0,41,Mon Sep 24 00:11:00 +0000 2018,1.0,0.0,0.0,@djoz18 We're all out of #NationalPreparedness + üö® kits! Watch @911onFOX tonight and @ResidentFOX Mondays this fall!,FOX
0.0,42,Mon Sep 24 00:09:56 +0000 2018,1.0,0.0,0.0,@SuezzySuezzy We're all out of #NationalPreparedness + üö® kits! Watch @911onFOX tonight and @ResidentFOX Mondays this fall!,FOX
0.0,43,Mon Sep 24 00:09:41 +0000 2018,1.0,0.0,0.0,@ODedOnRealityTV We're all out of #NationalPreparedness + üö® kits! Watch @911onFOX tonight and @ResidentFOX Mondays this fall!,FOX
0.0,44,Mon Sep 24 00:09:27 +0000 2018,1.0,0.0,0.0,@dazedfflower We're all out of #NationalPreparedness + üö® kits! Watch @911onFOX tonight and @ResidentFOX Mondays this fall!,FOX
0.0,45,Mon Sep 24 00:09:24 +0000 2018,1.0,0.0,0.0,@ubaldo_garcia50 We're all out of #NationalPreparedness + üö® kits! Watch @911onFOX tonight and @ResidentFOX Mondays this fall!,FOX
0.0,46,Mon Sep 24 00:09:09 +0000 2018,1.0,0.0,0.0,@raverrraven We're all out of #NationalPreparedness + üö® kits! Watch @911onFOX tonight and @ResidentFOX Mondays this fall!,FOX
0.0,47,Mon Sep 24 00:09:03 +0000 2018,1.0,0.0,0.0,@Sushia We're all out of #NationalPreparedness + üö® kits! Watch @911onFOX tonight and @ResidentFOX Mondays this fall!,FOX
0.0,48,Mon Sep 24 00:08:32 +0000 2018,1.0,0.0,0.0,@egonzzz1122 We're all out of #NationalPreparedness + üö® kits! Watch @911onFOX tonight and @ResidentFOX Mondays this fall!,FOX
0.0,49,Mon Sep 24 00:08:18 +0000 2018,1.0,0.0,0.0,@kimmy639b We're all out of #NationalPreparedness + üö® kits! Watch @911onFOX tonight and @ResidentFOX Mondays this fall!,FOX
0.0,50,Mon Sep 24 00:08:03 +0000 2018,1.0,0.0,0.0,@Amber_DHolmes We're all out of #NationalPreparedness + üö® kits! Watch @911onFOX tonight and @ResidentFOX Mondays this fall!,FOX
0.0,51,Mon Sep 24 00:07:45 +0000 2018,1.0,0.0,0.0,@yamilgulo We're all out of #NationalPreparedness + üö® kits! Watch @911onFOX tonight and @ResidentFOX Mondays this fall!,FOX
0.0,52,Mon Sep 24 00:07:37 +0000 2018,1.0,0.0,0.0,@nellesworld We're all out of #NationalPreparedness + üö® kits! Watch @911onFOX tonight and @ResidentFOX Mondays this fall!,FOX
0.0,53,Mon Sep 24 00:07:20 +0000 2018,1.0,0.0,0.0,@MAYKOVER We're all out of #NationalPreparedness + üö® kits! Watch @911onFOX tonight and @ResidentFOX Mondays this fall!,FOX
0.0,54,Mon Sep 24 00:07:10 +0000 2018,1.0,0.0,0.0,@Fennyjaff We're all out of #NationalPreparedness + üö® kits! Watch @911onFOX tonight and @ResidentFOX Mondays this fall!,FOX
0.0,55,Mon Sep 24 00:06:56 +0000 2018,1.0,0.0,0.0,@galacticfuck We're all out of #NationalPreparedness + üö® kits! Watch @911onFOX tonight and @ResidentFOX Mondays this fall!,FOX
0.0,56,Mon Sep 24 00:06:54 +0000 2018,1.0,0.0,0.0,@amysp8 We're all out of #NationalPreparedness + üö® kits! Watch @911onFOX tonight and @ResidentFOX Mondays this fall!,FOX
0.0,57,Mon Sep 24 00:06:48 +0000 2018,1.0,0.0,0.0,@MeganCamp We're all out of #NationalPreparedness + üö® kits! Watch @911onFOX tonight and @ResidentFOX Mondays this fall!,FOX
0.0,58,Mon Sep 24 00:06:33 +0000 2018,1.0,0.0,0.0,@Bisbee_Ashley We're all out of #NationalPreparedness + üö® kits! Watch @911onFOX tonight and @ResidentFOX Mondays this fall!,FOX
0.0,59,Mon Sep 24 00:06:24 +0000 2018,1.0,0.0,0.0,@rahelaellaella We're all out of #NationalPreparedness + üö® kits! Watch @911onFOX tonight and @ResidentFOX Mondays this fall!,FOX
0.0,60,Mon Sep 24 00:06:07 +0000 2018,1.0,0.0,0.0,@s091209s We're all out of #NationalPreparedness + üö® kits! Watch @911onFOX tonight and @ResidentFOX Mondays this fall!,FOX
0.0,61,Sun Sep 23 23:56:25 +0000 2018,1.0,0.0,0.0,@SusanFThibeault You're almost there! Click https://t.co/iitbzkDuI7 to confirm #NationalPreparedness + üö®,FOX
0.0,62,Sun Sep 23 23:56:23 +0000 2018,1.0,0.0,0.0,@Andyblue373 You're almost there! Click https://t.co/bdgwGZk0l3 to confirm #NationalPreparedness + üö®,FOX
0.0,63,Sun Sep 23 23:55:54 +0000 2018,1.0,0.0,0.0,@DarkClaws23 You're almost there! Click https://t.co/0sprtnKhOi to confirm #NationalPreparedness + üö®,FOX
0.0,64,Sun Sep 23 23:55:54 +0000 2018,1.0,0.0,0.0,@shabbygabbyyy You're almost there! Click https://t.co/TMBHnQcREc to confirm #NationalPreparedness + üö®,FOX
0.361,65,Sun Sep 23 23:55:42 +0000 2018,0.839,0.0,0.161,@JasonWRocco Ready for #NationalPreparedness + üö®  Click here to confirm your order https://t.co/F2xngP5PPe,FOX
0.0,66,Sun Sep 23 23:55:42 +0000 2018,1.0,0.0,0.0,@G_Na14 Click to confirm your order https://t.co/nlNiJfOkbN #NationalPreparedness + üö® @911onFOX and @ResidentonFOX,FOX
0.801,67,Sun Sep 23 23:55:34 +0000 2018,0.556,0.0,0.444,@shelbykovant Congrats! You successfully ordered your #NationalPreparedness + üö® kit!,FOX
0.361,68,Sun Sep 23 23:54:57 +0000 2018,0.839,0.0,0.161,@mm34517940 Ready for #NationalPreparedness + üö®  Click here to confirm your order https://t.co/p92Tz91j36,FOX
0.801,69,Sun Sep 23 23:54:49 +0000 2018,0.556,0.0,0.444,@victorkid38 Congrats! You successfully ordered your #NationalPreparedness + üö® kit!,FOX
0.361,70,Sun Sep 23 23:54:47 +0000 2018,0.839,0.0,0.161,@Morena03111 Ready for #NationalPreparedness + üö®  Click here to confirm your order https://t.co/wttRBqD5HM,FOX
0.0,71,Sun Sep 23 23:54:18 +0000 2018,1.0,0.0,0.0,@shelbykovant Click to confirm your order https://t.co/DVva8t6ipH #NationalPreparedness + üö® @911onFOX and @ResidentonFOX,FOX
0.0,72,Sun Sep 23 23:54:18 +0000 2018,1.0,0.0,0.0,@Raconner12 You're almost there! Click https://t.co/UtLodrAWJs to confirm #NationalPreparedness + üö®,FOX
0.361,73,Sun Sep 23 23:54:13 +0000 2018,0.839,0.0,0.161,@Neel_214 Ready for #NationalPreparedness + üö®  Click here to confirm your order https://t.co/NriFpMvGrX,FOX
0.361,74,Sun Sep 23 23:54:10 +0000 2018,0.839,0.0,0.161,@cloud10277 Ready for #NationalPreparedness + üö®  Click here to confirm your order https://t.co/ozYUm227oc,FOX
0.361,75,Sun Sep 23 23:54:07 +0000 2018,0.839,0.0,0.161,@dodo74 Ready for #NationalPreparedness + üö®  Click here to confirm your order https://t.co/8UDL5R89qV,FOX
0.0,76,Sun Sep 23 23:54:06 +0000 2018,1.0,0.0,0.0,@dreamwithfaith You're almost there! Click https://t.co/nm4WB4EfHk to confirm #NationalPreparedness + üö®,FOX
0.801,77,Sun Sep 23 23:54:06 +0000 2018,0.556,0.0,0.444,@CrazyLady240 Congrats! You successfully ordered your #NationalPreparedness + üö® kit!,FOX
0.361,78,Sun Sep 23 23:53:58 +0000 2018,0.839,0.0,0.161,@crohlig Ready for #NationalPreparedness + üö®  Click here to confirm your order https://t.co/0UzBLBOvqG,FOX
0.0,79,Sun Sep 23 23:53:44 +0000 2018,1.0,0.0,0.0,@KerryH0we Click to confirm your order https://t.co/9zcDLK9THd #NationalPreparedness + üö® @911onFOX and @ResidentonFOX,FOX
0.361,80,Sun Sep 23 23:53:40 +0000 2018,0.839,0.0,0.161,@dmode305 Ready for #NationalPreparedness + üö®  Click here to confirm your order https://t.co/SwFE7VCUho,FOX
0.0,81,Sun Sep 23 23:44:19 +0000 2018,1.0,0.0,0.0,@missellenne Click to confirm your order https://t.co/KlteCdl48N #NationalPreparedness + üö® @911onFOX and @ResidentonFOX,FOX
0.361,82,Sun Sep 23 23:44:17 +0000 2018,0.839,0.0,0.161,@Epaq81 Ready for #NationalPreparedness + üö®  Click here to confirm your order https://t.co/U9uyE3o4gL,FOX
0.361,83,Sun Sep 23 23:44:17 +0000 2018,0.839,0.0,0.161,@jgonza49546846 Ready for #NationalPreparedness + üö®  Click here to confirm your order https://t.co/huC2EXJjFW,FOX
0.0,84,Sun Sep 23 23:44:15 +0000 2018,1.0,0.0,0.0,@erockradio You're almost there! Click https://t.co/SkyNHJUcTS to confirm #NationalPreparedness + üö®,FOX
0.801,85,Sun Sep 23 23:44:12 +0000 2018,0.556,0.0,0.444,@KrabbyKam Congrats! You successfully ordered your #NationalPreparedness + üö® kit!,FOX
0.361,86,Sun Sep 23 23:44:07 +0000 2018,0.839,0.0,0.161,@vfarrish77 Ready for #NationalPreparedness + üö®  Click here to confirm your order https://t.co/9T7ymqnkoO,FOX
0.361,87,Sun Sep 23 23:44:06 +0000 2018,0.839,0.0,0.161,@Heydare Ready for #NationalPreparedness + üö®  Click here to confirm your order https://t.co/RKfBHDPVpY,FOX
0.0,88,Sun Sep 23 23:44:04 +0000 2018,1.0,0.0,0.0,@hello_amanda Click to confirm your order https://t.co/IVgK70fyRZ #NationalPreparedness + üö® @911onFOX and @ResidentonFOX,FOX
0.0,89,Sun Sep 23 23:43:56 +0000 2018,1.0,0.0,0.0,@jesuscruz0501 Got your order! #NationalPreparedness + üö® is on it's way with @911onFOX and @ResidentonFOX,FOX
0.0,90,Sun Sep 23 23:43:45 +0000 2018,1.0,0.0,0.0,@melwoon Got your order! #NationalPreparedness + üö® is on it's way with @911onFOX and @ResidentonFOX,FOX
0.361,91,Sun Sep 23 23:43:27 +0000 2018,0.839,0.0,0.161,@thetyrantseye Ready for #NationalPreparedness + üö®  Click here to confirm your order https://t.co/jjwzxab5l2,FOX
0.0,92,Sun Sep 23 23:42:57 +0000 2018,1.0,0.0,0.0,@jenwisdom Click to confirm your order https://t.co/jYmHbWKg71 #NationalPreparedness + üö® @911onFOX and @ResidentonFOX,FOX
0.801,93,Sun Sep 23 23:42:46 +0000 2018,0.556,0.0,0.444,@jecheng Congrats! You successfully ordered your #NationalPreparedness + üö® kit!,FOX
0.801,94,Sun Sep 23 23:42:33 +0000 2018,0.556,0.0,0.444,@Daaaarrr1 Congrats! You successfully ordered your #NationalPreparedness + üö® kit!,FOX
0.0,95,Sun Sep 23 23:42:27 +0000 2018,1.0,0.0,0.0,@kayrockit5000 Click to confirm your order https://t.co/au3Tw1FbSh #NationalPreparedness + üö® @911onFOX and @ResidentonFOX,FOX
0.361,96,Sun Sep 23 23:42:24 +0000 2018,0.839,0.0,0.161,@jesuscruz0501 Ready for #NationalPreparedness + üö®  Click here to confirm your order https://t.co/d5Kp6zpfqU,FOX
0.0,97,Sun Sep 23 23:42:02 +0000 2018,1.0,0.0,0.0,@so_its_karla Click to confirm your order https://t.co/hsLuHXKiBZ #NationalPreparedness + üö® @911onFOX and @ResidentonFOX,FOX
0.0,98,Sun Sep 23 23:41:48 +0000 2018,1.0,0.0,0.0,@ErikaAnaLugo Got your order! #NationalPreparedness + üö® is on it's way with @911onFOX and @ResidentonFOX,FOX
0.361,99,Sun Sep 23 23:41:39 +0000 2018,0.839,0.0,0.161,@PostmateDriver Ready for #NationalPreparedness + üö®  Click here to confirm your order https://t.co/72VdcsADXp,FOX
0.0,100,Sun Sep 23 23:41:36 +0000 2018,1.0,0.0,0.0,@82070c62b291420 You're almost there! Click https://t.co/qRxna5phnb to confirm #NationalPreparedness + üö®,FOX
0.0,1,Sun Sep 30 08:50:48 +0000 2018,1.0,0.0,0.0,"A year into the #MeToo movement, has the marketing machinery of the red carpet changed at all? (The early answer is‚Ä¶ https://t.co/C9WU39FAfZ",The New York Times
0.077,2,Sun Sep 30 08:34:27 +0000 2018,0.582,0.175,0.243,"Consuming caffeine regularly may increase the ability to withstand pain, a small study suggests https://t.co/30KdfHy6bW",The New York Times
-0.296,3,Sun Sep 30 08:17:26 +0000 2018,0.761,0.239,0.0,No expensive equipment or fancy ingredients necessary https://t.co/R6IM2ySjhY,The New York Times
0.66,4,Sun Sep 30 08:00:33 +0000 2018,0.779,0.0,0.221,36 Hours in Montreal: This cosmopolitan city gives you the chance to tour streets filled with vibrant street art an‚Ä¶ https://t.co/alNBe3RN7B,The New York Times
0.128,5,Sun Sep 30 07:44:25 +0000 2018,0.8,0.0,0.2,This artist's work challenges the idea that ceramics are necessarily delicate¬†https://t.co/BEbo9fDV7o,The New York Times
0.44,6,Sun Sep 30 07:26:56 +0000 2018,0.847,0.0,0.153,"""As Americans cram into ever-tighter urban living arrangements, a question has emerged: Isn‚Äôt there some better way‚Ä¶ https://t.co/cr6l1bfjAp",The New York Times
0.0,7,Sun Sep 30 07:09:29 +0000 2018,1.0,0.0,0.0,Colleges kept beer out of football stadiums for years. Now some of them are working to sell booze to fans so they d‚Ä¶ https://t.co/vaFslNZ1r3,The New York Times
0.422,8,Sun Sep 30 06:53:20 +0000 2018,0.851,0.0,0.149,The NFL is trying to make football safer. So why are its players wearing less padding? https://t.co/OLO9K5f7cl,The New York Times
-0.522,9,Sun Sep 30 06:37:09 +0000 2018,0.598,0.402,0.0,You were never second best https://t.co/ATplcP59kS,The New York Times
0.0,10,Sun Sep 30 06:19:44 +0000 2018,1.0,0.0,0.0,letters: The Feminists and the Frat House https://t.co/4kORCydyIS,The New York Times
0.0,11,Sun Sep 30 06:15:30 +0000 2018,1.0,0.0,0.0,"Kurt Vile's music is personal ‚Äî the ‚ÄúI‚Äù in his songs, he says, is almost always himself ‚Äî but not revealing https://t.co/MfHpIvkOuQ",The New York Times
-0.494,12,Sun Sep 30 05:59:02 +0000 2018,0.819,0.181,0.0,"""As my summer of pop-ups dragged on, I began to dread my evenings. What began as a kicky story idea became a masoch‚Ä¶ https://t.co/87M6VIqdgQ",The New York Times
-0.361,13,Sun Sep 30 05:42:23 +0000 2018,0.762,0.238,0.0,Are we born to be physically lazy? Probably. https://t.co/H22vGWszgP,The New York Times
0.494,14,Sun Sep 30 05:25:47 +0000 2018,0.64,0.096,0.264,"In a real estate market tinged with uncertainty, renting feels like a safer bet to a number of people who could wel‚Ä¶ https://t.co/Tn26FyuilQ",The New York Times
0.0,15,Sun Sep 30 05:08:42 +0000 2018,1.0,0.0,0.0,"10 of the most-asked wedding-etiquette questions, answered https://t.co/ptS2HwMJ4R",The New York Times
-0.649,16,Sun Sep 30 04:51:22 +0000 2018,0.83,0.17,0.0,Toxic chemicals are lingering in the blubber of killer whales ‚Äî and they may end up wiping out half the world‚Äôs pop‚Ä¶ https://t.co/sFUb77o0Hb,The New York Times
-0.052,17,Sun Sep 30 04:33:54 +0000 2018,0.948,0.052,0.0,"RT @NYTHealth: The E.P.A. on Tuesday put the head of its Office of Children's Health Protection on administrative leave, an unusual move af‚Ä¶",The New York Times
0.0,18,Sun Sep 30 04:17:52 +0000 2018,1.0,0.0,0.0,"The wild, ragged days of Governors Island are over, and development is coming https://t.co/5RYCRYzODg",The New York Times
0.0,19,Sun Sep 30 04:00:19 +0000 2018,1.0,0.0,0.0,"""Mind-blowing"" 3-D maps of ancient Maya structures revealed beneath the canopy of the Guatemalan jungle by laser te‚Ä¶ https://t.co/OyasGWqwJF",The New York Times
0.296,20,Sun Sep 30 03:41:12 +0000 2018,0.896,0.0,0.104,Robin Williams was an avid collector of art and memorabilia. A portion of his collection is coming up for sale. https://t.co/WC6pUczBla,The New York Times
-0.743,21,Sat Sep 29 23:15:07 +0000 2018,0.741,0.259,0.0,"With all of its emotion and anger, the fight over Brett Kavanaugh‚Äôs nomination shows the power ‚Äî and limitations ‚Äî‚Ä¶ https://t.co/noh4jNNSNi",The New York Times
0.637,22,Sat Sep 29 23:11:23 +0000 2018,0.488,0.0,0.512,Why I Love Reality Television https://t.co/AGqWcEkMpq,The New York Times
0.0,23,Sat Sep 29 23:00:05 +0000 2018,1.0,0.0,0.0,"The ancient roads, pyramids and houses revealed by laser mapping are forcing researchers to reevaluate what they th‚Ä¶ https://t.co/baWBR8vmel",The New York Times
0.0,24,Sat Sep 29 22:59:43 +0000 2018,1.0,0.0,0.0,"In KFC‚Äôs China Ads, Nuggets Are Served With Patriotism https://t.co/6NkG3Ummnl",The New York Times
-0.822,25,Sat Sep 29 22:52:39 +0000 2018,0.677,0.323,0.0,RT @nytopinion: The battle between the competing moralisms behind the Kavanaugh hearings risks becoming an all-out war between the sexes ‚Äî‚Ä¶,The New York Times
0.862,26,Sat Sep 29 22:40:08 +0000 2018,0.548,0.071,0.381,"RT @nytimesworld: ‚ÄúWithout any trust in the United States, there will be no confidence in our national security, and under such circumstanc‚Ä¶",The New York Times
0.637,27,Sat Sep 29 22:26:18 +0000 2018,0.802,0.0,0.198,"The single best use of boneless, skinless chicken breasts? Make chicken francese, an Italian-American staple with l‚Ä¶ https://t.co/RlGsumk7mI",The New York Times
0.0,28,Sat Sep 29 22:10:07 +0000 2018,1.0,0.0,0.0,"As others fled amid a 7.5 magnitude earthquake, the last act of an air traffic controller in Palu, Indonesia was to‚Ä¶ https://t.co/krLnJkGH9P",The New York Times
0.103,29,Sat Sep 29 21:58:37 +0000 2018,0.862,0.06,0.078,Breaking News: Elon Musk will step down as Tesla's chairman for 3 years and pay a $20 million fine in an S.E.C. set‚Ä¶ https://t.co/BqwBhxl4xT,The New York Times
0.0,30,Sat Sep 29 21:44:42 +0000 2018,1.0,0.0,0.0,RT @NYTScience: Their dad went to the moon and back. He wanted to know if they mowed the lawn. https://t.co/CFi9Hyye3a,The New York Times
0.0,31,Sat Sep 29 21:30:12 +0000 2018,1.0,0.0,0.0,"Train stations, some remade and others crumbling, reflect the trajectories of their towns and cities. See what we f‚Ä¶ https://t.co/icEIVfkdLi",The New York Times
-0.273,32,Sat Sep 29 21:15:06 +0000 2018,0.89,0.11,0.0,"In Opinion

Op-Ed contributor Rebecca Traister writes, ""This political moment has provoked a period in which more a‚Ä¶ https://t.co/2bLeiEnY5c",The New York Times
0.0,33,Sat Sep 29 21:00:09 +0000 2018,1.0,0.0,0.0,The clock has begun ticking on the one-week FBI investigation into sexual misconduct allegations made against Brett‚Ä¶ https://t.co/2iTIWCs99o,The New York Times
0.0,34,Sat Sep 29 20:45:01 +0000 2018,1.0,0.0,0.0,A 2016 law in France penalized paying for sex instead of selling it. But some prostitutes say that law puts them in‚Ä¶ https://t.co/Cr8QXhubCD,The New York Times
-0.616,35,Sat Sep 29 20:31:08 +0000 2018,0.799,0.201,0.0,"After 45 years, more than 1,000 fights and some of the most lucrative and controversial matches of all time, HBO is‚Ä¶ https://t.co/4mMsRAGgP2",The New York Times
-0.361,36,Sat Sep 29 20:15:06 +0000 2018,0.889,0.111,0.0,"""Rarely has the reputation of a leader fallen so far, so fast."" Aung San Suu Kyi: Nobel laureate, democracy icon an‚Ä¶ https://t.co/mZsqBBfYGG",The New York Times
0.128,37,Sat Sep 29 20:02:02 +0000 2018,0.595,0.175,0.23,Golf Digest and college students helped free a man wrongly convicted of murder. Here's the week in good news. https://t.co/yzDgXavDaQ,The New York Times
0.0,38,Sat Sep 29 20:00:03 +0000 2018,1.0,0.0,0.0,"A Sloan Kettering executive will give up his $1.4 million stake in a biotech start-up, as the hospital re-examines‚Ä¶ https://t.co/0yV9ZY68y7",The New York Times
-0.103,39,Sat Sep 29 19:45:07 +0000 2018,0.928,0.072,0.0,Text messages that were supposed to warn Indonesians of a possible tsunami were foiled when cellphone towers were d‚Ä¶ https://t.co/A3nTUxRGuF,The New York Times
0.827,40,Sat Sep 29 19:30:05 +0000 2018,0.633,0.0,0.367,"He was always smiling, always laughing and running, like the average 4-year-old,‚Äù a neighbor said. ‚ÄúThat‚Äôs why this‚Ä¶ https://t.co/cZNILgbREW",The New York Times
0.765,41,Sat Sep 29 09:48:10 +0000 2018,0.577,0.085,0.338,Having all the right cholesterol numbers and staying active is no guarantee your heart is in great shape https://t.co/zGk7vB2zM4,The New York Times
-0.423,42,Sat Sep 29 09:32:05 +0000 2018,0.73,0.186,0.084,"RT @RorySmith: A curious quote here, a bad result there, a slightly dodgy WiFi connection: it doesn‚Äôt take much to send Man Utd over the ed‚Ä¶",The New York Times
0.0,43,Sat Sep 29 09:09:36 +0000 2018,1.0,0.0,0.0,This one-pan shrimp enchiladas verde recipe is as simple to make as it is tasty https://t.co/Lmw7eO1XAA https://t.co/Je0c16XmFx,The New York Times
0.226,44,Sat Sep 29 08:52:09 +0000 2018,0.853,0.0,0.147,The New Birds and Bees: Teaching Kids About Boundaries and Consent https://t.co/mVrenFA8HP,The New York Times
-0.382,45,Sat Sep 29 08:49:55 +0000 2018,0.833,0.167,0.0,"‚ÄúI don‚Äôt know who got a bigger fright: the seal, me or the octopus‚Äù https://t.co/gxayw44IQq",The New York Times
-0.927,46,Sat Sep 29 08:32:01 +0000 2018,0.552,0.448,0.0,RT @nytimesworld: Seven men arrested in the Netherlands were arrested on charges of planning to attack a mass event with AK-47s and bomb be‚Ä¶,The New York Times
0.0,47,Sat Sep 29 08:05:21 +0000 2018,1.0,0.0,0.0,McKinsey &amp; Company is advising the Puerto Rican government on a financial overhaul to lighten its crippling debts.‚Ä¶ https://t.co/E1uRYpKeLb,The New York Times
-0.758,48,Sat Sep 29 08:04:42 +0000 2018,0.723,0.277,0.0,Breaking News: Nearly 400 people were killed when an earthquake and a tsunami struck the Indonesian island of Sulaw‚Ä¶ https://t.co/4pQUmpMggT,The New York Times
-0.511,49,Sat Sep 29 07:48:16 +0000 2018,0.852,0.148,0.0,A program intended to wipe away the student loans of qualifying public servants rejected more than 99% of those who‚Ä¶ https://t.co/06as1CWjkT,The New York Times
0.542,50,Sat Sep 29 07:32:00 +0000 2018,0.809,0.0,0.191,RT @comradewong: 1. Secretary of State Mike Pompeo made a surprise announcement on the closing of the Basra consulate. Cited security reaso‚Ä¶,The New York Times
-0.766,51,Sat Sep 29 07:28:43 +0000 2018,0.602,0.398,0.0,A Prostitute Was Killed in France. Is a New Law Partly to Blame? https://t.co/bmp3PFRMJz,The New York Times
0.0,52,Sat Sep 29 07:06:16 +0000 2018,1.0,0.0,0.0,"In case you're listening to Robyn's new song, ""Honey,"" on repeat...  https://t.co/JG85JYu0RX",The New York Times
0.0,53,Sat Sep 29 06:50:05 +0000 2018,1.0,0.0,0.0,Scientists reported the first discovery of all-female termite societies ‚Äî¬†researchers did not find a single male https://t.co/wSUj2xJy05,The New York Times
0.262,54,Sat Sep 29 06:32:06 +0000 2018,0.903,0.0,0.097,"RT @HernandezJavier: The young activists are model students &amp; ardent communists, singing socialist anthems and quoting Mao. But China's lea‚Ä¶",The New York Times
0.0,55,Sat Sep 29 06:15:52 +0000 2018,1.0,0.0,0.0,"Lady Gaga and Bradley Cooper are in the sha-ha-sha-hallow, and Lil Wayne's long-delayed album is here. Here's the w‚Ä¶ https://t.co/PKWMDlw9Cw",The New York Times
-0.202,56,Sat Sep 29 05:59:31 +0000 2018,0.602,0.223,0.175,Good science means publishing negative results. It doesn't happen nearly enough. https://t.co/bDl1g2jQTG,The New York Times
-0.103,57,Sat Sep 29 05:42:03 +0000 2018,0.82,0.098,0.082,RT @NYTScience: Research into these termite colonies in Japan is the first to demonstrate that males can be discarded from advanced societi‚Ä¶,The New York Times
0.44,58,Sat Sep 29 05:22:06 +0000 2018,0.693,0.091,0.216,"Social Security faces a projected shortfall in about 16 years, when benefits would be cut by roughly 20%. Lawmakers‚Ä¶ https://t.co/2NMThx4CH0",The New York Times
0.637,59,Sat Sep 29 05:02:02 +0000 2018,0.802,0.0,0.198,"In a world that relentlessly enforces limits, the love of a pet is a refuge for unconstrained emotion, especially f‚Ä¶ https://t.co/9EUUOR1Mgl",The New York Times
-0.818,60,Sat Sep 29 04:42:05 +0000 2018,0.679,0.321,0.0,"A tsunami kills dozens in Indonesia, and an aid worker fears the toll will rise: ‚ÄúI‚Äôm worried about people who migh‚Ä¶ https://t.co/f6YPK34FKh",The New York Times
-0.318,61,Fri Sep 28 15:45:08 +0000 2018,0.887,0.113,0.0,"In Opinion

New York Times Magazine writer @emilybazelon writes, ""It is impossible to justify the lack of a neutral‚Ä¶ https://t.co/uTyKqvau9K",The New York Times
0.0,62,Fri Sep 28 15:30:15 +0000 2018,1.0,0.0,0.0,RT @stanfordc: Tiger is back. So is the news quiz. https://t.co/2XBym1QKtH https://t.co/wmsclgCAJx,The New York Times
0.051,63,Fri Sep 28 15:15:53 +0000 2018,0.855,0.068,0.077,"RT @juliamoskin: Where did chicken francese come from? No one's quite sure, but it involves Liberace; Rochester, N.Y.;  the 1970s veal boyc‚Ä¶",The New York Times
0.0,64,Fri Sep 28 15:00:08 +0000 2018,1.0,0.0,0.0,A woman now runs a plant where Ford makes F-150 trucks. But women remain underrepresented across manufacturing indu‚Ä¶ https://t.co/iGiWYKnIW1,The New York Times
0.0,65,Fri Sep 28 14:45:07 +0000 2018,1.0,0.0,0.0,"RT @nytopinion: The committee has scheduled a vote on Kavanaugh‚Äôs nomination today. But many, including The Editorial Board, remain unsatis‚Ä¶",The New York Times
-0.807,66,Fri Sep 28 14:34:31 +0000 2018,0.628,0.372,0.0,Tensions over Brett Kavanaugh continued: A senator was confronted on camera by sexual assault survivors and Democra‚Ä¶ https://t.co/n4tEXapD6s,The New York Times
-0.904,67,Fri Sep 28 14:30:10 +0000 2018,0.663,0.337,0.0,"RT @NYTHealth: ‚ÄúIf you are too upset, you are crazy. If you are not upset enough, people don‚Äôt believe you were raped. So you have to be ju‚Ä¶",The New York Times
-0.273,68,Fri Sep 28 14:18:27 +0000 2018,0.723,0.162,0.115,"""You are telling me that my assault doesn‚Äôt matter."" 
After announcing that he would support Judge Brett Kavanaugh,‚Ä¶ https://t.co/WFUtvg0wTI",The New York Times
-0.052,69,Fri Sep 28 14:14:05 +0000 2018,0.946,0.054,0.0,"A man in Hong Kong has been found to have a strain of hepatitis E that had only been seen previously in rats, resea‚Ä¶ https://t.co/4FFpQOv50U",The New York Times
0.34,70,Fri Sep 28 13:57:05 +0000 2018,0.821,0.0,0.179,Late-night hosts shared their views on the Kavanaugh hearing. Here's a roundup. https://t.co/WprRcD8snq,The New York Times
0.0,71,Fri Sep 28 13:48:21 +0000 2018,1.0,0.0,0.0,"Breaking News: Senator Jeff Flake, the key swing Republican on the Judiciary Committee, will vote to confirm Brett‚Ä¶ https://t.co/yKMQp3wiYB",The New York Times
0.0,72,Fri Sep 28 13:40:07 +0000 2018,1.0,0.0,0.0,Senators meet to decide Brett Kavanaugh's fate https://t.co/O6a7jz7NY5 https://t.co/1N3XOjlX3S,The New York Times
0.542,73,Fri Sep 28 13:30:11 +0000 2018,0.8,0.0,0.2,A tour of farms and factories gave Xi Jinping a chance to look like Mao and take aim at President Trump‚Ä¶ https://t.co/wy5rEa1q6P,The New York Times
0.0,74,Fri Sep 28 13:15:07 +0000 2018,1.0,0.0,0.0,Writers from across the political spectrum react to the Kavanaugh-Blasey hearing https://t.co/z3RORKzqEY,The New York Times
0.0,75,Fri Sep 28 13:00:03 +0000 2018,1.0,0.0,0.0,Morning¬†Briefing: Here's what you need to know to start your day https://t.co/FEvLHQvMXF https://t.co/MvvmnPduIF,The New York Times
0.103,76,Fri Sep 28 12:50:05 +0000 2018,0.708,0.117,0.175,"Turning to the Democrats to his left, Lindsey Graham fumed: ""You want this seat. I hope you never get it."" https://t.co/RCAbPDjtP8",The New York Times
-0.459,77,Fri Sep 28 12:41:05 +0000 2018,0.864,0.136,0.0,One of the doctors hired to screen immigrants had sexually exploited female patients. Another once tried to have a‚Ä¶ https://t.co/LTTUa6PhSl,The New York Times
0.0,78,Fri Sep 28 12:30:10 +0000 2018,1.0,0.0,0.0,"""Because he told me I would get in trouble.""

""Because I thought that's just what happens when you drink too much.""‚Ä¶ https://t.co/zsBatNnO4G",The New York Times
0.0,79,Fri Sep 28 12:15:06 +0000 2018,1.0,0.0,0.0,"A GoFundMe campaign set up on behalf of Christine Blasey Ford drew more than $200,000 in donations in the hours imm‚Ä¶ https://t.co/qb9ClXblJ4",The New York Times
-0.361,80,Fri Sep 28 12:02:07 +0000 2018,0.878,0.122,0.0,"Your daily @DealBook Briefing:

‚Ä¢ Elon Musk is fighting for his corporate life.¬†

‚Ä¢ The long road to corporate gend‚Ä¶ https://t.co/nFW75eVrQc",The New York Times
0.0,81,Thu Sep 27 20:40:06 +0000 2018,1.0,0.0,0.0,Mark Judge‚Äôs name kept coming up during the Senate Judiciary Committee hearing with Dr. Christine Blasey Ford. Here‚Ä¶ https://t.co/Ks5C3ufGVp,The New York Times
0.0,82,Thu Sep 27 20:39:50 +0000 2018,1.0,0.0,0.0,Breaking News: Elon Musk was sued by the SEC over a tweet about taking Tesla private. The agency wants to bar him f‚Ä¶ https://t.co/174i8jCDgb,The New York Times
0.0,83,Thu Sep 27 20:30:02 +0000 2018,1.0,0.0,0.0,"In Opinion

Contributing Op-Ed writer @karaswisher writes, ""Kevin Systrom, a founder of Instagram, wasn‚Äôt a 'team p‚Ä¶ https://t.co/xuRXRKCbVF",The New York Times
0.0,84,Thu Sep 27 20:22:09 +0000 2018,1.0,0.0,0.0,"In his yearbook, Brett Kavanaugh and others called themselves ""Renate Alumni."" The woman they were referring to tol‚Ä¶ https://t.co/94JmZa2VD7",The New York Times
0.44,85,Thu Sep 27 20:20:07 +0000 2018,0.822,0.0,0.178,"The facts of Dr. Christine Blasey Ford's story are already well known, but hearing her detail them was compelling https://t.co/GhkN4O2Z6I",The New York Times
0.572,86,Thu Sep 27 20:16:14 +0000 2018,0.81,0.0,0.19,"RT @SherylNYT: Kavanaugh: ‚ÄúThe Swetnick thing is a joke, that is a farce.""
Feinstein: ‚ÄúWould you like to say more about it?
Kavanaugh, soun‚Ä¶",The New York Times
-0.856,87,Thu Sep 27 20:10:05 +0000 2018,0.615,0.385,0.0,The police in Slovakia arrested 8 people suspected of being connected to the killing of a young investigative journ‚Ä¶ https://t.co/f0VvauHkVY,The New York Times
-0.361,88,Thu Sep 27 20:05:53 +0000 2018,0.894,0.106,0.0,"RT @peterbakernyt: The parallel with the Clinton deposition in the Jones case, when the lawyers gave him a definition of sex, is eerie.",The New York Times
0.0,89,Thu Sep 27 20:03:15 +0000 2018,1.0,0.0,0.0,"In stark contrast to his subdued appearance earlier this week on Fox News, Brett Kavanaugh was sharp and emotional‚Ä¶ https://t.co/C2DyAcoRFu",The New York Times
0.0,90,Thu Sep 27 20:00:07 +0000 2018,1.0,0.0,0.0,"Ana Mendieta‚Äôs art often pushed ethnic, sexual, moral, religious and political boundaries. But her stature as an ar‚Ä¶ https://t.co/Jrr3KYKZuW",The New York Times
-0.44,91,Thu Sep 27 19:55:21 +0000 2018,0.873,0.127,0.0,"Brett Kavanaugh condemned Democrats who he said had searched for reasons to sink him weeks before, only to turn to‚Ä¶ https://t.co/GbDkZo6swj",The New York Times
-0.25,92,Thu Sep 27 19:50:16 +0000 2018,0.9,0.1,0.0,"RT @peterbakernyt: Kavanaugh: ""You may defeat me in the final vote but you‚Äôll never get me to quit. Never.""",The New York Times
-0.422,93,Thu Sep 27 19:50:03 +0000 2018,0.756,0.16,0.084,Americans had their first chance to see Dr. Christine Blasey Ford testify about the alleged assault by Judge Brett‚Ä¶ https://t.co/Uol1nB8HXV,The New York Times
-0.077,94,Thu Sep 27 19:48:41 +0000 2018,0.773,0.12,0.107,"As Brett Kavanaugh recounted his daughters praying last night for Dr. Christine Blasey Ford, he broke down in tears‚Ä¶ https://t.co/FyEMOusEYm",The New York Times
0.202,95,Thu Sep 27 19:45:04 +0000 2018,0.924,0.0,0.076,"RT @SherylNYT: Christine Blasey Ford's GoFundMe is already on the site's list of top fundraisers. It says she has raised nearly $350,000 so‚Ä¶",The New York Times
-0.178,96,Thu Sep 27 19:40:09 +0000 2018,0.735,0.147,0.118,"Merle Debuskey, a renowned press agent who was an influential force on and off Broadway for decades, died on Tuesda‚Ä¶ https://t.co/RJ8iOtjMPD",The New York Times
0.226,97,Thu Sep 27 19:33:13 +0000 2018,0.863,0.0,0.137,"RT @adamliptak: Kavanaugh: ""You have replaced advice and consent with search and destroy.""",The New York Times
-0.572,98,Thu Sep 27 19:30:44 +0000 2018,0.821,0.179,0.0,"Watch live: ‚ÄúMy family and my name have been totally and permanently destroyed,‚Äù a visibly furious Brett Kavanaugh‚Ä¶ https://t.co/1TYQLMmr6C",The New York Times
0.25,99,Thu Sep 27 19:25:05 +0000 2018,0.913,0.0,0.087,"The EPA plans to dissolve its Office of the Science Advisor, a senior post that was created to counsel the EPA admi‚Ä¶ https://t.co/QOs1Y73bQ8",The New York Times
0.0,100,Thu Sep 27 19:25:03 +0000 2018,1.0,0.0,0.0,"At the #nytnewrules summit, 

Candidates @PearlKimPA of Pennsylvania and @RashidaTlaib of Michigan are discussing w‚Ä¶ https://t.co/3ZfhvDxkzu",The New York Times
